RCDTS,Type,District,City_x,County,District Type,District Size,Enrollment,Student Enrollment - Low Income %,ClassSize,AvgTeachExp,BS,MS,TeachRetRate,Teacher Avg Salary,AvgSalary,County ,Dist # ,District Name/ School Name,City_y,ELA,Math
010010010260000,District,Payson CUSD 1,Payson,Adams,UNIT,MEDIUM,559.0,48.8,17.0,11.5,56.3,43.8,92.9,36085.63,72141.72,Adams,10,Payson CUSD 1,Payson,524.3,489.1
010010020260000,District,Liberty CUSD 2,Liberty,Adams,UNIT,MEDIUM,602.0,24.9,20.0,13.5,41.9,58.1,91.5,41534.22,83605.24,Adams,20,Liberty CUSD 2,Liberty,500.9,485.4
010010030260000,District,Central CUSD 3,Camp Point,Adams,UNIT,MEDIUM,874.0,46.7,19.0,12.5,42.9,57.1,81.3,47686.51,75068.5,Adams,30,Central CUSD 3,Camp Point,490.6,488.3
010010040260000,District,CUSD 4,Mendon,Adams,UNIT,MEDIUM,674.0,20.2,18.0,14.1,61.3,38.7,89.7,40254.81,83692.0,Adams,40,CUSD 4,Mendon,505.9,485.0
010011720220000,District,Quincy SD 172,Quincy,Adams,UNIT,LARGE,6469.0,60.7,18.0,12.0,56.9,42.6,73.6,45089.41,82764.57,Adams,1720,Quincy SD 172,Quincy,489.8,473.6
010050010260000,District,Brown County CUSD 1,Mount Sterling,Brown,UNIT,MEDIUM,734.0,84.5,16.0,12.0,69.7,30.3,73.8,41230.67,85725.0,Brown,10,Brown County CUSD 1,Mount Sterling,523.5,493.0
010090150260000,District,Beardstown CUSD 15,Beardstown,Cass,UNIT,MEDIUM,1582.0,70.7,16.0,11.6,63.0,36.0,75.5,43408.09,81832.66,Cass,150,Beardstown CUSD 15,Beardstown,434.7,422.1
010090640260000,District,Virginia CUSD 64,Virginia,Cass,UNIT,SMALL,301.0,53.5,14.0,11.2,57.2,42.8,72.4,45024.46,93545.0,Cass,640,Virginia CUSD 64,Virginia,471.3,468.7
010092620260000,District,A-C Central CUSD 262,Ashland,Cass,UNIT,SMALL,440.0,49.8,14.0,12.2,88.4,11.6,75.3,37318.09,92281.53,Cass,2620,A-C Central CUSD 262,Ashland,494.0,492.7
010690010260000,District,Franklin CUSD 1,Franklin,Morgan,UNIT,SMALL,305.0,30.5,16.0,15.3,62.2,37.8,90.9,41429.91,88952.22,Morgan,10,Franklin CUSD 1,Franklin,516.2,475.4
010690060260000,District,Waverly CUSD 6,Waverly,Morgan,UNIT,SMALL,375.0,34.1,15.0,13.5,78.7,21.3,77.4,42622.41,85320.23,Morgan,60,Waverly CUSD 6,Waverly,492.2,491.9
010690110260000,District,Meredosia-Chambersburg CUSD 11,Meredosia,Morgan,UNIT,SMALL,201.0,65.2,10.0,13.8,71.1,24.4,71.7,40834.29,89731.31,Morgan,110,Meredosia-Chambersburg CUSD 11,Meredosia,463.6,441.8
010690270260000,District,Triopia CUSD 27,Concord,Morgan,UNIT,SMALL,383.0,35.0,16.0,14.5,73.0,27.0,87.1,39891.9,81241.53,Morgan,270,Triopia CUSD 27,Concord,536.7,516.0
010691170220000,District,Jacksonville SD 117,Jacksonville,Morgan,UNIT,LARGE,3372.0,55.0,19.0,12.6,67.2,31.4,83.0,45656.01,88654.71,Morgan,1170,Jacksonville SD 117,Jacksonville,485.7,469.7
010750030260000,District,Pleasant Hill CUSD 3,Pleasant Hill,Pike,UNIT,SMALL,315.0,52.1,15.0,12.5,65.3,34.7,86.5,41951.27,83314.43,Pike,30,Pleasant Hill CUSD 3,Pleasant Hill,459.4,438.9
010750040260000,District,Griggsville-Perry CUSD 4,Griggsville,Pike,UNIT,SMALL,382.0,58.1,12.0,13.8,70.5,29.5,71.3,39176.46,78716.67,Pike,40,Griggsville-Perry CUSD 4,Griggsville,446.8,424.1
010750100260000,District,Pikeland CUSD 10,Pittsfield,Pike,UNIT,MEDIUM,1265.0,47.8,21.0,13.4,67.0,31.8,85.3,40363.74,73596.0,Pike,100,Pikeland CUSD 10,Pittsfield,505.7,480.3
010750120260000,District,Western CUSD 12,Barry,Pike,UNIT,MEDIUM,573.0,59.7,19.0,12.8,53.6,46.4,76.4,42303.36,78043.4,Pike,120,Western CUSD 12,Barry,498.6,504.7
010860010260000,District,Winchester CUSD 1,Winchester,Scott,UNIT,MEDIUM,614.0,47.2,15.0,13.2,72.5,25.5,82.7,40610.16,71511.91,Scott,10,Winchester CUSD 1,Winchester,490.6,476.2
010860020260000,District,Scott-Morgan CUSD 2,Bluffs,Scott,UNIT,SMALL,226.0,50.9,15.0,13.0,58.8,41.2,79.3,38743.44,95103.29,Scott,20,Scott-Morgan CUSD 2,Bluffs,438.3,428.3
030030010260000,District,Mulberry Grove CUSD 1,Mulberry Grove,Bond,UNIT,SMALL,438.0,50.2,15.0,12.4,58.9,41.1,85.7,43598.08,78695.25,Bond,10,Mulberry Grove CUSD 1,Mulberry Grove,484.4,488.5
030030020260000,District,Bond County CUSD 2,Greenville,Bond,UNIT,LARGE,1831.0,45.8,21.0,14.9,41.5,58.1,89.8,54594.77,87221.33,Bond,20,Bond County CUSD 2,Greenville,515.2,506.7
030110010260000,District,Morrisonville CUSD 1,Morrisonville,Christian,UNIT,SMALL,335.0,36.1,16.0,11.2,74.7,21.4,82.2,46825.63,88205.86,Christian,10,Morrisonville CUSD 1,Morrisonville,517.1,484.3
030110030260000,District,Taylorville CUSD 3,Taylorville,Christian,UNIT,LARGE,2542.0,52.4,19.0,14.7,75.7,24.3,87.2,49821.37,95312.78,Christian,30,Taylorville CUSD 3,Taylorville,501.3,500.9
030110040260000,District,Edinburg CUSD 4,Edinburg,Christian,UNIT,SMALL,277.0,47.7,14.0,12.4,82.0,18.0,79.7,36795.2,89341.2,Christian,40,Edinburg CUSD 4,Edinburg,468.3,460.8
030110080260000,District,Pana CUSD 8,Pana,Christian,UNIT,MEDIUM,1305.0,63.0,21.0,15.5,71.3,28.7,88.5,50706.35,98781.79,Christian,80,Pana CUSD 8,Pana,487.8,467.1
030110140240000,District,South Fork SD 14,Kincaid,Christian,UNIT,SMALL,331.0,60.4,15.0,13.5,66.8,33.2,79.7,39544.61,66587.78,Christian,140,South Fork SD 14,Kincaid,444.3,430.7
030250100260000,District,Altamont CUSD 10,Altamont,Effingham,UNIT,MEDIUM,647.0,54.3,17.0,17.5,61.9,38.1,88.8,51273.52,84903.54,Effingham,100,Altamont CUSD 10,Altamont,498.3,507.0
030250200260000,District,Beecher City CUSD 20,Beecher City,Effingham,UNIT,SMALL,295.0,42.7,15.0,18.2,57.7,42.3,94.7,53339.21,101116.95,Effingham,200,Beecher City CUSD 20,Beecher City,529.4,520.0
030250300260000,District,Dieterich CUSD 30,Dieterich,Effingham,UNIT,MEDIUM,512.0,28.7,17.0,16.4,63.9,36.1,91.3,47665.62,87473.33,Effingham,300,Dieterich CUSD 30,Dieterich,482.0,494.0
030250400260000,District,Effingham CUSD 40,Effingham,Effingham,UNIT,LARGE,2510.0,46.0,19.0,14.9,53.7,46.3,91.2,49808.15,102713.53,Effingham,400,Effingham CUSD 40,Effingham,508.6,500.0
030250500260000,District,Teutopolis CUSD 50,Teutopolis,Effingham,UNIT,MEDIUM,1061.0,9.7,21.0,17.9,63.1,36.9,90.2,52471.3,100144.25,Effingham,500,Teutopolis CUSD 50,Teutopolis,537.6,553.0
030262010260000,District,Brownstown CUSD 201,Brownstown,Fayette,UNIT,SMALL,376.0,51.1,17.0,15.7,46.9,53.1,91.8,45927.87,70000.0,Fayette,2010,Brownstown CUSD 201,Brownstown,442.1,425.3
030262020260000,District,St Elmo CUSD 202,Saint Elmo,Fayette,UNIT,SMALL,441.0,51.5,16.0,16.3,75.4,24.6,87.8,58243.62,111267.13,Fayette,2020,St Elmo CUSD 202,Saint Elmo,461.5,448.1
030262030260000,District,Vandalia CUSD 203,Vandalia,Fayette,UNIT,MEDIUM,1460.0,59.5,20.0,14.8,48.5,51.5,87.1,58321.98,112386.03,Fayette,2030,Vandalia CUSD 203,Vandalia,470.7,461.9
030262040260000,District,Ramsey CUSD 204,Ramsey,Fayette,UNIT,SMALL,445.0,50.6,15.0,12.8,68.6,31.4,84.9,43207.37,78720.99,Fayette,2040,Ramsey CUSD 204,Ramsey,456.1,432.1
030680020260000,District,Panhandle CUSD 2,Raymond,Montgomery,UNIT,MEDIUM,491.0,47.7,16.0,17.5,59.1,40.9,92.0,52865.42,81024.67,Montgomery,20,Panhandle CUSD 2,Raymond,483.8,460.0
030680030260000,District,Hillsboro CUSD 3,Hillsboro,Montgomery,UNIT,MEDIUM,1687.0,50.9,19.0,15.7,51.0,49.0,90.7,55201.67,86434.78,Montgomery,30,Hillsboro CUSD 3,Hillsboro,492.9,461.9
030680120260000,District,Litchfield CUSD 12,Litchfield,Montgomery,UNIT,MEDIUM,1433.0,55.3,19.0,13.6,59.7,40.3,86.5,59242.9,102934.14,Montgomery,120,Litchfield CUSD 12,Litchfield,457.6,454.9
030680220260000,District,Nokomis CUSD 22,Nokomis,Montgomery,UNIT,MEDIUM,631.0,44.1,17.0,13.4,65.7,34.3,91.7,41893.15,84599.0,Montgomery,220,Nokomis CUSD 22,Nokomis,479.5,472.7
040041000260000,District,Belvidere CUSD 100,Belvidere,Boone,UNIT,LARGE,8003.0,44.6,22.0,11.6,36.9,62.9,88.3,59149.16,93921.76,Boone,1000,Belvidere CUSD 100,Belvidere,495.1,480.9
040042000260000,District,North Boone CUSD 200,Poplar Grove,Boone,UNIT,MEDIUM,1635.0,36.8,19.0,10.8,52.5,47.5,83.5,54835.87,98496.4,Boone,2000,North Boone CUSD 200,Poplar Grove,512.5,496.0
041011220220000,District,Harlem UD 122,Machesney Park,Winnebago,UNIT,LARGE,6544.0,58.2,21.0,13.7,35.4,64.2,88.4,65387.99,106559.86,Winnebago,1220,Harlem UD 122,Machesney Park,495.0,470.0
041012050250000,District,Rockford SD 205,Rockford,Winnebago,UNIT,LARGE,28144.0,53.5,23.0,13.2,37.4,62.2,82.6,61640.59,88511.92,Winnebago,2050,Rockford SD 205,Rockford,465.5,450.6
041012070160000,District,Hononegah CHD 207,Rockton,Winnebago,HIGH SCHOOL,MEDIUM,2010.0,21.4,23.0,15.6,16.4,83.6,94.2,74676.03,105604.87,Winnebago,2070,Hononegah CHD 207,Rockton,559.8,549.4
041013200260000,District,County of Winnebago SD 320,South Beloit,Winnebago,UNIT,MEDIUM,968.0,64.4,15.0,10.7,62.0,38.0,82.9,50163.38,90178.74,Winnebago,3200,County of Winnebago SD 320,South Beloit,495.5,497.8
041013210260000,District,Pecatonica CUSD 321,Pecatonica,Winnebago,UNIT,MEDIUM,873.0,15.9,17.0,14.0,45.7,54.3,92.4,47763.58,106597.97,Winnebago,3210,Pecatonica CUSD 321,Pecatonica,531.7,528.6
041013220260000,District,Durand CUSD 322,Durand,Winnebago,UNIT,MEDIUM,610.0,30.8,17.0,13.9,35.9,64.1,89.3,50883.24,86765.2,Winnebago,3220,Durand CUSD 322,Durand,494.8,473.6
041013230260000,District,Winnebago CUSD 323,Winnebago,Winnebago,UNIT,MEDIUM,1371.0,23.5,20.0,13.0,41.5,58.5,91.6,51891.99,81463.14,Winnebago,3230,Winnebago CUSD 323,Winnebago,524.0,518.7
050162020170000,District,Evanston Twp HSD 202,Evanston,Cook,HIGH SCHOOL,MEDIUM,3547.0,38.5,19.0,13.3,22.2,77.5,91.5,99441.41,147069.13,Cook,2020,Evanston Twp HSD 202,Evanston,552.4,551.6
050162030170000,District,New Trier Twp HSD 203,Northfield,Cook,HIGH SCHOOL,LARGE,3968.0,3.7,22.0,16.6,5.2,94.8,91.3,114323.48,175359.08,Cook,2030,New Trier Twp HSD 203,Northfield,615.3,619.7
050162070170000,District,Maine Township HSD 207,Park Ridge,Cook,HIGH SCHOOL,LARGE,6370.0,27.0,21.0,18.2,19.1,80.4,92.0,114773.46,127447.34,Cook,2070,Maine Township HSD 207,Park Ridge,531.3,539.4
050162110170000,District,Township HSD 211,Palatine,Cook,HIGH SCHOOL,LARGE,11841.0,35.5,21.0,14.7,17.1,82.9,94.2,99473.85,140753.85,Cook,2110,Township HSD 211,Palatine,537.2,555.6
050162140170000,District,Township HSD 214,Arlington Heights,Cook,HIGH SCHOOL,LARGE,12029.0,20.4,21.0,16.2,12.2,87.7,96.1,106043.67,142741.85,Cook,2140,Township HSD 214,Arlington Heights,544.6,553.4
050162190170000,District,Niles Twp HSD 219,Skokie,Cook,HIGH SCHOOL,LARGE,4594.0,31.1,19.0,16.7,13.9,86.1,92.8,113327.81,131354.66,Cook,2190,Niles Twp HSD 219,Skokie,529.9,535.3
050162250170000,District,Northfield Twp HSD 225,Glenview,Cook,HIGH SCHOOL,LARGE,5172.0,14.5,21.0,15.3,24.2,75.8,91.3,112287.59,158779.59,Cook,2250,Northfield Twp HSD 225,Glenview,590.6,599.3
060162000130000,District,Oak Park - River Forest SD 200,Oak Park,Cook,HIGH SCHOOL,MEDIUM,3415.0,21.6,18.0,14.1,12.6,87.4,93.3,104014.89,141189.05,Cook,2000,Oak Park - River Forest SD 200,Oak Park,570.0,560.4
060162010170000,District,J S Morton HSD 201,Cicero,Cook,HIGH SCHOOL,LARGE,8287.0,87.8,23.0,15.0,36.6,63.4,92.3,83141.72,102030.87,Cook,2010,J S Morton HSD 201,Cicero,450.5,423.1
060162040170000,District,Lyons Twp HSD 204,La Grange,Cook,HIGH SCHOOL,LARGE,4072.0,12.6,24.0,15.7,10.8,89.2,96.6,109138.91,147032.95,Cook,2040,Lyons Twp HSD 204,La Grange,561.5,570.9
060162080170000,District,Riverside-Brookfield Twp SD 208,Riverside,Cook,HIGH SCHOOL,MEDIUM,1632.0,14.2,23.0,13.9,25.6,74.4,96.0,96486.25,121483.4,Cook,2080,Riverside-Brookfield Twp SD 208,Riverside,538.8,535.7
060162090170000,District,Proviso Twp HSD 209,Forest Park,Cook,HIGH SCHOOL,LARGE,4454.0,30.2,19.0,12.8,24.3,74.5,80.8,65805.64,112750.0,Cook,2090,Proviso Twp HSD 209,Forest Park,458.7,445.3
060162120160000,District,Leyden CHSD 212,Franklin Park,Cook,HIGH SCHOOL,MEDIUM,3457.0,55.9,20.0,15.5,13.4,86.6,93.1,87960.34,126055.03,Cook,2120,Leyden CHSD 212,Franklin Park,484.6,477.0
060162340160000,District,Ridgewood CHSD 234,Norridge,Cook,HIGH SCHOOL,MEDIUM,872.0,25.2,17.0,11.5,37.8,62.2,86.4,76048.18,118347.52,Cook,2340,Ridgewood CHSD 234,Norridge,512.7,488.2
060164010260000,District,Elmwood Park CUSD 401,Elmwood Park,Cook,UNIT,LARGE,2862.0,45.5,23.0,13.5,29.7,70.3,89.6,80881.15,109889.01,Cook,4010,Elmwood Park CUSD 401,Elmwood Park,476.1,475.2
070162050170000,District,Thornton Twp HSD 205,South Holland,Cook,HIGH SCHOOL,LARGE,5140.0,58.0,16.0,13.5,23.1,76.1,86.0,78873.46,108552.55,Cook,2050,Thornton Twp HSD 205,South Holland,430.3,420.2
070162060170000,District,Bloom Twp HSD 206,Chicago Heights,Cook,HIGH SCHOOL,MEDIUM,3075.0,82.5,19.0,13.5,25.4,72.8,87.9,74325.79,106166.89,Cook,2060,Bloom Twp HSD 206,Chicago Heights,459.9,437.1
070162100170000,District,Lemont Twp HSD 210,Lemont,Cook,HIGH SCHOOL,MEDIUM,1418.0,13.5,21.0,15.4,18.3,81.7,95.1,77057.54,128155.89,Cook,2100,Lemont Twp HSD 210,Lemont,551.6,558.1
070162150170000,District,Thornton Fractional Twp HSD 215,Lansing,Cook,HIGH SCHOOL,MEDIUM,3438.0,97.0,21.0,15.0,17.8,80.7,90.6,96045.2,127435.56,Cook,2150,Thornton Fractional Twp HSD 215,Lansing,458.5,447.3
070162170160000,District,Argo CHSD 217,Summit,Cook,HIGH SCHOOL,MEDIUM,1944.0,65.1,23.0,13.4,17.8,81.4,93.8,96331.71,121113.9,Cook,2170,Argo CHSD 217,Summit,477.2,488.6
070162180160000,District,CHSD 218,Oak Lawn,Cook,HIGH SCHOOL,LARGE,5405.0,69.0,19.0,13.8,9.0,90.7,93.5,92368.63,119987.04,Cook,2180,CHSD 218,Oak Lawn,472.1,467.6
070162200170000,District,Reavis Twp HSD 220,Burbank,Cook,HIGH SCHOOL,MEDIUM,1823.0,51.3,21.0,14.8,13.3,86.7,93.4,96026.1,149473.93,Cook,2200,Reavis Twp HSD 220,Burbank,486.2,482.0
070162270170000,District,Rich Twp HSD 227,Matteson,Cook,HIGH SCHOOL,MEDIUM,3001.0,81.3,12.0,12.9,29.5,69.1,78.7,74862.72,106322.0,Cook,2270,Rich Twp HSD 227,Matteson,449.6,429.3
070162280160000,District,Bremen CHSD 228,Midlothian,Cook,HIGH SCHOOL,LARGE,5089.0,34.3,22.0,14.6,25.6,74.0,92.7,90412.66,135906.32,Cook,2280,Bremen CHSD 228,Midlothian,470.6,462.9
070162290160000,District,Oak Lawn CHSD 229,Oak Lawn,Cook,HIGH SCHOOL,MEDIUM,1838.0,36.3,22.0,14.1,32.4,67.6,93.4,90118.85,131656.0,Cook,2290,Oak Lawn CHSD 229,Oak Lawn,477.1,479.5
070162300130000,District,Cons HSD 230,Orland Park,Cook,HIGH SCHOOL,LARGE,7397.0,19.1,17.0,15.5,7.8,92.2,95.3,89664.62,121902.17,Cook,2300,Cons HSD 230,Orland Park,526.3,530.1
070162310160000,District,Evergreen Park CHSD 231,Evergreen Park,Cook,HIGH SCHOOL,MEDIUM,844.0,26.4,19.0,14.8,21.0,79.0,89.6,82705.7,142003.32,Cook,2310,Evergreen Park CHSD 231,Evergreen Park,507.0,505.9
070162330160000,District,Homewood Flossmoor CHSD 233,Flossmoor,Cook,HIGH SCHOOL,MEDIUM,2814.0,22.3,14.0,13.2,22.6,76.9,90.8,88171.83,150844.41,Cook,2330,Homewood Flossmoor CHSD 233,Flossmoor,512.8,493.8
070169010250000,District,Southland College Prep Charter High School,Richton Park,Cook,HIGH SCHOOL,SMALL,533.0,43.7,21.0,7.4,57.4,40.2,81.6,60153.82,123273.26,Cook,9010,Southland College Prep Charter High School,Richton Park,526.6,512.2
080083080260000,District,Eastland CUSD 308,Lanark,Carroll,UNIT,MEDIUM,649.0,39.1,20.0,13.0,47.2,52.8,83.7,52704.92,108503.83,Carroll,3080,Eastland CUSD 308,Lanark,488.7,492.3
080083140260000,District,West Carroll CUSD 314,Mount Carroll,Carroll,UNIT,MEDIUM,1113.0,49.9,18.0,16.5,53.5,46.5,86.8,48061.78,78080.0,Carroll,3140,West Carroll CUSD 314,Mount Carroll,473.8,432.5
080083990260000,District,Chadwick-Milledgeville CUSD 399,Chadwick,Carroll,UNIT,MEDIUM,470.0,28.5,13.0,15.1,59.3,40.7,88.9,50321.25,98303.5,Carroll,3990,Chadwick-Milledgeville CUSD 399,Chadwick,468.8,459.8
080431190220000,District,East Dubuque USD 119,East Dubuque,Jo Daviess,UNIT,MEDIUM,684.0,25.3,18.0,11.0,73.4,26.6,81.9,36048.25,93781.25,Jo Daviess,1190,East Dubuque USD 119,East Dubuque,524.3,530.7
080431200220000,District,Galena USD 120,Galena,Jo Daviess,UNIT,MEDIUM,834.0,34.1,17.0,13.2,34.3,65.7,93.1,59458.05,99899.43,Jo Daviess,1200,Galena USD 120,Galena,522.5,509.3
080432050260000,District,Warren CUSD 205,Warren,Jo Daviess,UNIT,SMALL,407.0,30.7,9.0,15.4,68.0,32.0,87.4,45077.96,91134.29,Jo Daviess,2050,Warren CUSD 205,Warren,489.2,499.2
080432060260000,District,Stockton CUSD 206,Stockton,Jo Daviess,UNIT,MEDIUM,613.0,39.2,21.0,17.1,46.3,53.7,93.9,56765.81,82892.85,Jo Daviess,2060,Stockton CUSD 206,Stockton,512.8,490.8
080432100260000,District,River Ridge CUSD 210,Hanover,Jo Daviess,UNIT,MEDIUM,511.0,43.6,14.0,17.5,28.9,71.1,99.0,69799.79,109081.4,Jo Daviess,2100,River Ridge CUSD 210,Hanover,503.9,526.4
080432110260000,District,Scales Mound CUSD 211,Scales Mound,Jo Daviess,UNIT,SMALL,253.0,24.5,12.0,16.3,52.8,47.2,93.8,62153.0,109877.29,Jo Daviess,2110,Scales Mound CUSD 211,Scales Mound,550.9,580.0
080891450220000,District,Freeport SD 145,Freeport,Stephenson,UNIT,LARGE,3957.0,64.5,17.0,11.8,46.1,52.7,76.4,48507.73,90527.24,Stephenson,1450,Freeport SD 145,Freeport,484.3,447.3
080892000260000,District,Pearl City CUSD 200,Pearl City,Stephenson,UNIT,SMALL,448.0,34.8,5.0,15.7,46.2,53.8,94.4,47813.59,100182.38,Stephenson,2000,Pearl City CUSD 200,Pearl City,544.4,541.5
080892010260000,District,Dakota CUSD 201,Dakota,Stephenson,UNIT,MEDIUM,814.0,30.8,20.0,16.5,39.8,60.2,88.6,54698.73,91096.98,Stephenson,2010,Dakota CUSD 201,Dakota,509.4,510.9
080892020260000,District,Lena Winslow CUSD 202,Lena,Stephenson,UNIT,MEDIUM,831.0,36.0,17.0,14.7,46.4,51.9,89.0,45174.99,95704.26,Stephenson,2020,Lena Winslow CUSD 202,Lena,522.0,507.6
080892030260000,District,Orangeville CUSD 203,Orangeville,Stephenson,UNIT,SMALL,329.0,26.1,13.0,12.0,76.4,23.6,76.9,51298.62,109749.45,Stephenson,2030,Orangeville CUSD 203,Orangeville,497.9,490.0
090100010260000,District,Fisher CUSD 1,Fisher,Champaign,UNIT,MEDIUM,622.0,29.6,20.0,13.9,58.0,39.8,85.6,47033.77,89531.89,Champaign,10,Fisher CUSD 1,Fisher,511.7,515.7
090100030260000,District,Mahomet-Seymour CUSD 3,Mahomet,Champaign,UNIT,LARGE,3113.0,19.2,22.0,14.4,48.0,52.0,89.3,53884.57,100935.29,Champaign,30,Mahomet-Seymour CUSD 3,Mahomet,583.9,605.0
090100040260000,District,Champaign CUSD 4,Champaign,Champaign,UNIT,LARGE,10014.0,54.1,19.0,10.2,46.2,53.7,82.3,51819.69,89939.01,Champaign,40,Champaign CUSD 4,Champaign,511.2,514.1
090100070260000,District,Tolono CUSD 7,Tolono,Champaign,UNIT,MEDIUM,1648.0,28.3,22.0,13.0,55.1,44.9,85.0,45800.04,100790.33,Champaign,70,Tolono CUSD 7,Tolono,505.2,518.3
090100080260000,District,Heritage CUSD 8,Homer,Champaign,UNIT,SMALL,481.0,42.0,14.0,14.0,76.4,23.6,87.1,49724.29,105714.64,Champaign,80,Heritage CUSD 8,Homer,494.3,450.0
090101160220000,District,Urbana SD 116,Urbana,Champaign,UNIT,LARGE,4590.0,70.4,17.0,10.8,49.3,50.2,81.5,53481.51,101981.41,Champaign,1160,Urbana SD 116,Urbana,485.2,456.7
090101930170000,District,Rantoul Township HSD 193,Rantoul,Champaign,HIGH SCHOOL,MEDIUM,753.0,67.1,16.0,9.8,53.4,46.6,81.7,46723.63,86848.35,Champaign,1930,Rantoul Township HSD 193,Rantoul,450.8,435.8
090103050160000,District,St Joseph Ogden CHSD 305,Saint Joseph,Champaign,HIGH SCHOOL,SMALL,468.0,6.6,20.0,13.5,48.2,51.8,93.1,43630.74,98092.33,Champaign,3050,St Joseph Ogden CHSD 305,Saint Joseph,546.3,563.7
090270050260000,District,Gibson City-Melvin-Sibley CUSD 5,Gibson City,Ford,UNIT,MEDIUM,1010.0,37.8,15.0,13.2,61.9,38.1,89.4,50052.04,110113.51,Ford,50,Gibson City-Melvin-Sibley CUSD 5,Gibson City,543.2,526.7
090270100260000,District,Paxton-Buckley-Loda CUD 10,Paxton,Ford,UNIT,MEDIUM,1356.0,47.3,16.0,13.2,51.5,48.5,86.0,44148.64,96122.29,Ford,100,Paxton-Buckley-Loda CUD 10,Paxton,501.2,509.9
110150010260000,District,Charleston CUSD 1,Charleston,Coles,UNIT,LARGE,2757.0,45.0,22.0,12.9,47.8,52.2,86.3,45248.85,90255.44,Coles,10,Charleston CUSD 1,Charleston,513.8,498.3
110150020260000,District,Mattoon CUSD 2,Mattoon,Coles,UNIT,LARGE,3403.0,56.1,19.0,14.0,41.5,58.5,85.9,54522.42,106091.57,Coles,20,Mattoon CUSD 2,Mattoon,502.1,489.5
110150050260000,District,Oakland CUSD 5,Oakland,Coles,UNIT,SMALL,265.0,49.8,14.0,11.1,57.7,42.3,82.1,43154.52,72587.67,Coles,50,Oakland CUSD 5,Oakland,513.2,472.1
110180030260000,District,Neoga CUSD 3,Neoga,Cumberland,UNIT,MEDIUM,597.0,47.2,16.0,15.1,59.8,40.2,79.0,48952.44,85628.25,Cumberland,30,Neoga CUSD 3,Neoga,505.8,495.0
110180770260000,District,Cumberland CUSD 77,Toledo,Cumberland,UNIT,MEDIUM,1056.0,40.1,20.0,13.4,53.1,45.3,85.6,52443.46,85349.25,Cumberland,770,Cumberland CUSD 77,Toledo,493.3,465.4
110213010260000,District,Tuscola CUSD 301,Tuscola,Douglas,UNIT,MEDIUM,938.0,35.5,17.0,15.2,45.0,55.0,85.2,46544.66,95670.46,Douglas,3010,Tuscola CUSD 301,Tuscola,541.5,521.0
110213020260000,District,Villa Grove CUSD 302,Villa Grove,Douglas,UNIT,MEDIUM,656.0,46.2,20.0,12.7,65.9,34.1,79.1,37695.93,73066.83,Douglas,3020,Villa Grove CUSD 302,Villa Grove,486.2,458.5
110213050260000,District,Arthur CUSD 305,Arthur,Douglas,UNIT,MEDIUM,1236.0,45.5,17.0,13.3,71.2,28.8,82.4,45321.53,80845.86,Douglas,3050,Arthur CUSD 305,Arthur,490.3,486.0
110213060260000,District,Arcola CUSD 306,Arcola,Douglas,UNIT,MEDIUM,716.0,48.2,16.0,11.0,73.1,26.9,78.4,43612.37,108367.25,Douglas,3060,Arcola CUSD 306,Arcola,483.7,450.8
110230010260000,District,Shiloh CUSD 1,Hume,Edgar,UNIT,SMALL,399.0,48.9,14.0,13.3,73.4,26.6,56.0,45130.87,101938.0,Edgar,10,Shiloh CUSD 1,Hume,457.3,433.3
110230030260000,District,Kansas CUSD 3,Kansas,Edgar,UNIT,SMALL,214.0,54.7,14.0,15.0,60.0,40.0,58.5,48495.08,63183.17,Edgar,30,Kansas CUSD 3,Kansas,518.9,493.3
110230060260000,District,Edgar County CUD 6,Chrisman,Edgar,UNIT,SMALL,318.0,39.6,12.0,12.6,87.8,12.2,73.3,37649.62,67695.36,Edgar,60,Edgar County CUD 6,Chrisman,454.4,413.0
110703000260000,District,Sullivan CUSD 300,Sullivan,Moultrie,UNIT,MEDIUM,1175.0,44.9,22.0,13.3,65.5,34.5,85.1,44853.37,82947.7,Moultrie,3000,Sullivan CUSD 300,Sullivan,513.6,490.4
110703020260000,District,Okaw Valley CUSD 302,Bethany,Moultrie,UNIT,MEDIUM,507.0,46.0,14.0,12.8,87.3,12.7,86.2,36842.13,79159.93,Moultrie,3020,Okaw Valley CUSD 302,Bethany,486.3,434.4
110870010260000,District,Windsor CUSD 1,Windsor,Shelby,UNIT,SMALL,372.0,39.2,13.0,13.1,65.1,34.9,84.3,44510.81,97512.5,Shelby,10,Windsor CUSD 1,Windsor,466.8,461.4
110870040260000,District,Shelbyville CUSD 4,Shelbyville,Shelby,UNIT,MEDIUM,1205.0,44.1,20.0,14.0,60.4,39.6,90.9,49766.89,90574.23,Shelby,40,Shelbyville CUSD 4,Shelbyville,499.2,505.5
110870210260000,District,Central A & M CUD 21,Assumption,Shelby,UNIT,MEDIUM,714.0,41.2,14.0,15.9,57.8,42.2,82.6,50654.49,82247.37,Shelby,210,Central A & M CUD 21,Assumption,502.4,468.6
120130100260000,District,Clay City CUSD 10,Clay City,Clay,UNIT,SMALL,328.0,63.4,24.0,9.2,70.1,29.9,68.6,41873.18,102824.0,Clay,100,Clay City CUSD 10,Clay City,442.0,464.0
120130250260000,District,North Clay CUSD 25,Louisville,Clay,UNIT,MEDIUM,640.0,48.3,20.0,11.9,75.2,24.8,92.1,41246.51,75575.4,Clay,250,North Clay CUSD 25,Louisville,500.8,483.9
120130350260000,District,Flora CUSD 35,Flora,Clay,UNIT,MEDIUM,1394.0,51.4,22.0,14.0,63.3,36.7,91.5,48860.76,81713.17,Clay,350,Flora CUSD 35,Flora,486.9,451.2
120170010260000,District,Hutsonville CUSD 1,Hutsonville,Crawford,UNIT,SMALL,346.0,49.1,15.0,11.0,60.1,39.9,70.7,36088.16,83387.55,Crawford,10,Hutsonville CUSD 1,Hutsonville,525.9,483.7
120170020260000,District,Robinson CUSD 2,Robinson,Crawford,UNIT,MEDIUM,1595.0,44.7,22.0,15.5,55.7,42.4,89.1,49626.1,103637.0,Crawford,20,Robinson CUSD 2,Robinson,514.7,495.3
120170030260000,District,Palestine CUSD 3,Palestine,Crawford,UNIT,SMALL,304.0,40.1,14.0,14.3,62.3,37.7,88.9,42902.04,71493.01,Crawford,30,Palestine CUSD 3,Palestine,474.0,462.0
120170040260000,District,Oblong CUSD 4,Oblong,Crawford,UNIT,MEDIUM,612.0,45.8,23.0,15.8,51.1,48.9,86.2,43027.19,84461.67,Crawford,40,Oblong CUSD 4,Oblong,473.4,465.7
120400010260000,District,Jasper County CUD 1,Newton,Jasper,UNIT,MEDIUM,1330.0,40.3,24.0,14.8,50.6,49.4,84.5,51987.7,91175.91,Jasper,10,Jasper County CUD 1,Newton,489.4,493.6
120510100260000,District,Red Hill CUSD 10,Bridgeport,Lawrence,UNIT,MEDIUM,968.0,59.5,21.0,12.0,87.0,13.0,88.5,45021.18,75187.62,Lawrence,100,Red Hill CUSD 10,Bridgeport,488.7,473.5
120510200260000,District,Lawrence County CUD 20,Lawrenceville,Lawrence,UNIT,MEDIUM,1210.0,55.0,17.0,12.2,74.9,23.0,88.0,38138.13,61449.36,Lawrence,200,Lawrence County CUD 20,Lawrenceville,477.8,448.1
120800010260000,District,Richland County CUSD 1,Olney,Richland,UNIT,LARGE,2390.0,53.6,22.0,17.7,51.5,48.5,93.2,50034.5,95852.14,Richland,10,Richland County CUSD 1,Olney,492.8,484.2
130140010260000,District,Carlyle CUSD 1,Carlyle,Clinton,UNIT,MEDIUM,1074.0,44.7,19.0,14.8,60.3,39.7,88.7,54840.83,111687.76,Clinton,10,Carlyle CUSD 1,Carlyle,488.0,497.1
130140030260000,District,Wesclin CUSD 3,Trenton,Clinton,UNIT,MEDIUM,1373.0,36.1,21.0,17.4,35.4,64.6,93.3,66163.64,115865.51,Clinton,30,Wesclin CUSD 3,Trenton,531.0,522.6
130140710160000,District,Central CHSD 71,Breese,Clinton,HIGH SCHOOL,SMALL,597.0,23.3,19.0,14.7,34.2,65.8,94.6,61498.84,132884.5,Clinton,710,Central CHSD 71,Breese,525.5,531.6
130410010260000,District,Waltonville CUSD 1,Waltonville,Jefferson,UNIT,SMALL,371.0,39.9,14.0,14.6,54.5,45.5,79.1,44669.76,60004.2,Jefferson,10,Waltonville CUSD 1,Waltonville,489.5,455.5
130412010170000,District,Mt Vernon Twp HSD 201,Mount Vernon,Jefferson,HIGH SCHOOL,MEDIUM,1169.0,54.1,18.0,14.7,44.2,52.5,80.4,50623.69,89096.86,Jefferson,2010,Mt Vernon Twp HSD 201,Mount Vernon,465.4,451.7
130412090270000,District,Woodlawn Unit School District 209,Woodlawn,Jefferson,UNIT,MEDIUM,508.0,39.8,16.0,16.3,48.7,51.3,88.3,52534.67,93050.33,Jefferson,2090,Woodlawn Unit School District 209,Woodlawn,482.0,478.8
130413180270000,District,Bluford Unit School District 318,Bluford,Jefferson,UNIT,SMALL,386.0,41.2,20.0,16.3,49.7,50.3,84.4,43912.36,47470.67,Jefferson,3180,Bluford Unit School District 318,Bluford,457.5,443.4
130581000260000,District,Patoka CUSD 100,Patoka,Marion,UNIT,SMALL,244.0,52.0,13.0,13.8,63.2,36.8,89.6,50518.41,93874.68,Marion,1000,Patoka CUSD 100,Patoka,456.4,427.3
130582000170000,District,Centralia HSD 200,Centralia,Marion,HIGH SCHOOL,MEDIUM,908.0,58.3,18.0,12.5,46.9,48.4,93.3,52244.31,101117.0,Marion,2000,Centralia HSD 200,Centralia,475.9,463.9
130584010260000,District,South Central CUD 401,Kinmundy,Marion,UNIT,MEDIUM,657.0,46.1,17.0,12.8,73.1,26.9,88.5,42241.4,84106.5,Marion,4010,South Central CUD 401,Kinmundy,459.7,461.0
130585010260000,District,Sandoval CUSD 501,Sandoval,Marion,UNIT,SMALL,487.0,77.8,18.0,10.3,59.4,40.6,75.7,39567.06,86030.92,Marion,5010,Sandoval CUSD 501,Sandoval,472.1,429.1
130586000160000,District,Salem CHSD 600,Salem,Marion,HIGH SCHOOL,MEDIUM,694.0,48.8,17.0,15.5,51.4,46.2,82.5,52550.14,86057.93,Marion,6000,Salem CHSD 600,Salem,477.6,461.7
130587220260000,District,Odin PSD 722,Odin,Marion,UNIT,SMALL,272.0,76.5,18.0,7.9,87.5,8.3,66.7,40358.02,79025.33,Marion,7220,Odin PSD 722,Odin,455.0,429.2
130950100260000,District,West Washington Co CUD 10,Okawville,Washington,UNIT,MEDIUM,557.0,31.4,17.0,13.5,58.5,41.5,90.1,43455.93,90176.87,Washington,100,West Washington Co CUD 10,Okawville,504.4,486.9
130950990160000,District,Nashville CHSD 99,Nashville,Washington,HIGH SCHOOL,SMALL,430.0,32.1,19.0,14.8,31.8,68.2,94.7,67548.66,65017.47,Washington,990,Nashville CHSD 99,Nashville,497.1,508.0
150162990250000,District,City of Chicago SD 299,Chicago,Cook,UNIT,LARGE,372214.0,82.6,18.0,12.1,37.7,61.2,76.9,73660.59,112008.7,Cook,2990,City of Chicago SD 299,Chicago,477.7,473.7
150169000250000,District,Horizon Science Acad-McKinley Park Charter Sch,Chicago,Cook,UNIT,MEDIUM,790.0,64.6,24.0,3.2,74.4,22.2,77.4,46101.7,62300.0,Cook,9000,Horizon Science Acad-McKinley Park Charter Sch,Chicago,477.8,484.5
150169020250000,District,Amandla Charter School,Chicago,Cook,HIGH SCHOOL,SMALL,245.0,87.8,18.0,7.3,35.4,64.6,69.2,54043.21,110608.03,Cook,9020,Amandla Charter School,Chicago,405.9,378.7
160194240260000,District,Genoa Kingston CUSD 424,Genoa,Dekalb,UNIT,MEDIUM,1671.0,35.8,24.0,13.4,29.1,70.9,76.5,56848.96,101696.07,Dekalb,4240,Genoa Kingston CUSD 424,Genoa,487.8,476.4
160194250260000,District,Indian Creek CUSD 425,Shabbona,Dekalb,UNIT,MEDIUM,696.0,29.6,18.0,14.5,53.8,46.2,89.3,53738.26,98031.68,Dekalb,4250,Indian Creek CUSD 425,Shabbona,502.8,508.2
160194260260000,District,Hiawatha CUSD 426,Kirkland,Dekalb,UNIT,MEDIUM,515.0,36.3,16.0,10.3,72.2,27.8,82.0,43107.12,100486.5,Dekalb,4260,Hiawatha CUSD 426,Kirkland,469.6,465.2
160194270260000,District,Sycamore CUSD 427,Sycamore,Dekalb,UNIT,LARGE,3732.0,22.8,24.0,13.8,25.0,75.0,92.0,63529.58,104186.56,Dekalb,4270,Sycamore CUSD 427,Sycamore,526.3,525.7
160194280260000,District,DeKalb CUSD 428,DeKalb,Dekalb,UNIT,LARGE,6598.0,58.8,22.0,11.8,45.6,54.2,84.6,62235.12,97351.17,Dekalb,4280,DeKalb CUSD 428,Dekalb,496.3,470.5
160194290260000,District,Hinckley Big Rock CUSD 429,Hinckley,Dekalb,UNIT,MEDIUM,667.0,5.4,18.0,11.9,43.7,56.3,92.6,52331.7,102800.86,Dekalb,4290,Hinckley Big Rock CUSD 429,Hinckley,527.4,521.5
160194300260000,District,Sandwich CUSD 430,Sandwich,Dekalb,UNIT,LARGE,2069.0,37.6,20.0,15.6,24.3,75.7,91.2,62446.77,108497.59,Dekalb,4300,Sandwich CUSD 430,Sandwich,496.6,485.9
160194320260000,District,Somonauk CUSD 432,Somonauk,Dekalb,UNIT,MEDIUM,815.0,27.5,21.0,14.2,47.7,52.3,92.5,51857.2,94186.73,Dekalb,4320,Somonauk CUSD 432,Somonauk,505.8,490.5
170200150260000,District,Clinton CUSD 15,Clinton,Dewitt,UNIT,LARGE,1870.0,47.1,19.0,13.9,63.4,35.8,89.5,51607.8,89602.0,Dewitt,150,Clinton CUSD 15,Clinton,487.9,464.2
170200180260000,District,Blue Ridge CUSD 18,Farmer City,Dewitt,UNIT,MEDIUM,745.0,47.1,16.0,13.8,70.1,29.9,89.2,47031.41,90614.64,Dewitt,180,Blue Ridge CUSD 18,Farmer City,534.5,498.0
170530050260000,District,Woodland CUSD 5,Streator,Livingston,UNIT,MEDIUM,520.0,33.3,16.0,14.5,65.8,34.2,89.2,50461.98,81776.67,Livingston,50,Woodland CUSD 5,Streator,489.2,488.9
170530080260000,District,Prairie Central CUSD 8,Fairbury,Livingston,UNIT,LARGE,1905.0,44.1,19.0,13.9,39.3,60.7,80.9,60444.99,78289.95,Livingston,80,Prairie Central CUSD 8,Fairbury,524.2,520.7
170530740270000,District,Flanagan-Cornell Dist 74,Flanagan,Livingston,UNIT,SMALL,375.0,40.3,16.0,12.9,62.7,37.3,86.0,48019.16,116855.0,Livingston,740,Flanagan-Cornell Dist 74,Flanagan,487.2,476.0
170530900170000,District,Pontiac Twp HSD 90,Pontiac,Livingston,HIGH SCHOOL,MEDIUM,651.0,41.5,18.0,14.4,34.9,59.8,91.9,69980.36,102169.0,Livingston,900,Pontiac Twp HSD 90,Pontiac,491.4,483.5
170532300170000,District,Dwight Twp HSD 230,Dwight,Livingston,HIGH SCHOOL,SMALL,253.0,35.2,14.0,12.3,30.4,69.6,82.9,54435.48,112183.46,Livingston,2300,Dwight Twp HSD 230,Dwight,503.3,521.8
170540210260000,District,Hartsburg Emden CUSD 21,Hartsburg,Logan,UNIT,SMALL,202.0,42.6,13.0,10.7,71.8,28.2,88.7,39413.16,85750.0,Logan,210,Hartsburg Emden CUSD 21,Hartsburg,481.8,470.6
170540230260000,District,Mt Pulaski CUSD 23,Mount Pulaski,Logan,UNIT,MEDIUM,514.0,39.5,17.0,16.4,57.9,42.1,92.6,57483.21,107236.81,Logan,230,Mt Pulaski CUSD 23,Mount Pulaski,511.2,473.6
170544040160000,District,Lincoln CHSD 404,Lincoln,Logan,HIGH SCHOOL,MEDIUM,826.0,44.8,17.0,14.1,48.4,47.9,92.5,52354.14,111449.42,Logan,4040,Lincoln CHSD 404,Lincoln,494.0,474.6
170640020260000,District,LeRoy CUSD 2,Le Roy,McLean,UNIT,MEDIUM,793.0,27.5,17.0,14.6,52.1,47.9,92.9,51776.2,102763.18,McLean,20,LeRoy CUSD 2,Le Roy,512.8,511.7
170640030260000,District,Tri Valley CUSD 3,Downs,McLean,UNIT,MEDIUM,1109.0,9.6,21.0,14.3,55.8,44.2,85.4,57840.69,96290.8,McLean,30,Tri Valley CUSD 3,Downs,564.2,573.8
170640040260000,District,Heyworth CUSD 4,Heyworth,McLean,UNIT,MEDIUM,937.0,27.2,24.0,14.6,56.3,43.7,89.4,62805.83,105905.45,McLean,40,Heyworth CUSD 4,Heyworth,496.1,487.6
170640050260000,District,McLean County USD 5,Normal,McLean,UNIT,LARGE,13346.0,32.8,24.0,14.2,53.1,46.7,90.7,58653.36,86485.19,McLean,50,McLean County USD 5,Normal,522.9,522.1
170640070260000,District,Lexington CUSD 7,Lexington,McLean,UNIT,SMALL,504.0,27.8,18.0,15.5,58.8,41.2,89.8,53869.63,88936.33,McLean,70,Lexington CUSD 7,Lexington,510.4,518.9
170640160260000,District,Olympia CUSD 16,Stanford,McLean,UNIT,LARGE,1847.0,38.5,22.0,13.6,75.7,24.3,87.2,48176.62,89155.12,McLean,160,Olympia CUSD 16,Stanford,519.8,515.8
170640190260000,District,Ridgeview CUSD 19,Colfax,McLean,UNIT,MEDIUM,590.0,41.9,19.0,13.1,70.2,29.8,84.0,52770.5,93397.55,McLean,190,Ridgeview CUSD 19,Colfax,502.3,494.6
170640870250000,District,Bloomington SD 87,Bloomington,McLean,UNIT,LARGE,5315.0,55.5,23.0,14.0,50.2,49.6,91.5,61008.93,96632.72,McLean,870,Bloomington SD 87,Bloomington,500.4,489.8
190220860170000,District,Hinsdale Twp HSD 86,Hinsdale,Dupage,HIGH SCHOOL,LARGE,4358.0,14.0,19.0,14.3,23.6,76.4,91.0,101099.84,124799.09,Dupage,860,Hinsdale Twp HSD 86,Hinsdale,584.1,590.3
190220870170000,District,Glenbard Twp HSD 87,Glen Ellyn,Dupage,HIGH SCHOOL,LARGE,8137.0,32.2,20.0,17.3,12.5,87.3,96.2,105884.4,124702.42,Dupage,870,Glenbard Twp HSD 87,Glen Ellyn,529.1,530.2
190220880160000,District,DuPage HSD 88,Addison,Dupage,HIGH SCHOOL,LARGE,3947.0,49.9,20.0,14.6,12.7,87.3,95.0,97646.03,128591.17,Dupage,880,DuPage HSD 88,Addison,495.5,496.5
190220940160000,District,CHSD 94,West Chicago,Dupage,HIGH SCHOOL,MEDIUM,2101.0,30.1,22.0,13.0,33.8,66.2,92.2,67239.72,107107.53,Dupage,940,CHSD 94,West Chicago,481.0,483.5
190220990160000,District,CHSD 99,Downers Grove,Dupage,HIGH SCHOOL,LARGE,4948.0,22.4,17.0,15.1,15.0,85.0,95.7,92761.31,122176.77,Dupage,990,CHSD 99,Downers Grove,541.0,560.8
190221000160000,District,Fenton CHSD 100,Bensenville,Dupage,HIGH SCHOOL,MEDIUM,1493.0,51.0,19.0,15.1,16.7,83.3,93.1,103826.55,124857.89,Dupage,1000,Fenton CHSD 100,Bensenville,493.9,491.9
190221080160000,District,Lake Park CHSD 108,Roselle,Dupage,HIGH SCHOOL,MEDIUM,2615.0,17.5,21.0,14.9,15.0,85.0,95.2,95361.59,147341.54,Dupage,1080,Lake Park CHSD 108,Roselle,536.6,541.0
190222000260000,District,CUSD 200,Wheaton,Dupage,UNIT,LARGE,12809.0,27.5,24.0,14.6,28.3,71.3,91.4,74927.57,113910.07,Dupage,2000,CUSD 200,Wheaton,550.7,549.2
190222010260000,District,CUSD 201,Westmont,Dupage,UNIT,MEDIUM,1330.0,35.0,19.0,15.8,14.0,86.0,93.8,89529.16,115822.7,Dupage,2010,CUSD 201,Westmont,542.0,544.1
190222020260000,District,Lisle CUSD 202,Lisle,Dupage,UNIT,MEDIUM,1489.0,29.7,18.0,15.0,20.2,79.8,94.4,73052.65,116333.1,Dupage,2020,Lisle CUSD 202,Lisle,553.6,559.0
190222030260000,District,Naperville CUSD 203,Naperville,Dupage,UNIT,LARGE,16654.0,15.8,23.0,12.8,34.7,64.9,86.6,70791.94,101433.87,Dupage,2030,Naperville CUSD 203,Naperville,582.6,596.6
190222040260000,District,Indian Prairie CUSD 204,Aurora,Dupage,UNIT,LARGE,27859.0,17.0,27.0,14.3,32.5,67.4,91.9,68161.92,130470.81,Dupage,2040,Indian Prairie CUSD 204,Aurora,572.8,589.1
190222050260000,District,Elmhurst SD 205,Elmhurst,Dupage,UNIT,LARGE,8599.0,15.6,22.0,12.2,35.1,64.9,88.2,77190.73,118321.08,Dupage,2050,Elmhurst SD 205,Elmhurst,571.0,583.1
200240010260000,District,Edwards County CUSD 1,Albion,Edwards,UNIT,MEDIUM,931.0,39.1,19.0,13.4,57.6,42.4,94.7,49147.04,84833.68,Edwards,10,Edwards County CUSD 1,Albion,500.9,482.8
200300070260000,District,Gallatin CUSD 7,Junction,Gallatin,UNIT,MEDIUM,756.0,64.3,18.0,13.0,79.2,20.8,87.2,41583.93,76391.53,Gallatin,70,Gallatin CUSD 7,Junction,458.5,441.1
200330100260000,District,Hamilton Co CUSD 10,Mc Leansboro,Hamilton,UNIT,MEDIUM,1230.0,49.8,24.0,16.3,33.3,66.7,92.9,49989.27,79981.12,Hamilton,100,Hamilton Co CUSD 10,Mc Leansboro,490.0,468.6
200350010260000,District,Hardin County CUSD 1,Elizabethtown,Hardin,UNIT,MEDIUM,579.0,54.9,19.0,20.4,74.4,25.6,93.4,43642.84,82800.93,Hardin,10,Hardin County CUSD 1,Elizabethtown,466.8,433.8
200760010260000,District,Pope Co CUD 1,Golconda,Pope,UNIT,MEDIUM,534.0,56.6,16.0,13.1,84.0,16.0,92.9,42796.39,75452.39,Pope,10,Pope Co CUD 1,Golconda,471.9,438.4
200830010260000,District,Galatia CUSD 1,Galatia,Saline,UNIT,SMALL,443.0,56.0,16.0,14.8,84.8,12.2,91.8,44200.82,66624.22,Saline,10,Galatia CUSD 1,Galatia,480.0,485.5
200830020260000,District,Carrier Mills-Stonefort CUSD 2,Carrier Mills,Saline,UNIT,SMALL,440.0,30.2,17.0,17.1,67.4,32.6,95.3,48778.43,75587.5,Saline,20,Carrier Mills-Stonefort CUSD 2,Carrier Mills,439.3,410.0
200830030260000,District,Harrisburg CUSD 3,Harrisburg,Saline,UNIT,LARGE,1921.0,61.2,19.0,15.7,66.6,33.4,91.9,52910.52,74600.55,Saline,30,Harrisburg CUSD 3,Harrisburg,479.0,438.4
200830040260000,District,Eldorado CUSD 4,Eldorado,Saline,UNIT,MEDIUM,1192.0,61.8,18.0,17.4,62.2,37.2,94.5,43877.13,70592.34,Saline,40,Eldorado CUSD 4,Eldorado,457.1,414.6
200933480260000,District,Wabash CUSD 348,Mount Carmel,Wabash,UNIT,MEDIUM,1485.0,50.2,22.0,16.6,66.6,32.3,80.4,57600.86,89354.71,Wabash,3480,Wabash CUSD 348,Mount Carmel,492.5,478.3
200961000260000,District,Wayne City CUSD 100,Wayne City,Wayne,UNIT,MEDIUM,565.0,41.8,14.0,13.6,72.1,27.9,91.2,47083.37,71415.75,Wayne,1000,Wayne City CUSD 100,Wayne City,505.0,480.9
200962000260000,District,North Wayne CUSD 200,Cisne,Wayne,UNIT,SMALL,385.0,45.5,13.0,14.5,76.7,19.7,90.3,45913.48,70402.29,Wayne,2000,North Wayne CUSD 200,Cisne,484.6,473.1
200962250160000,District,Fairfield Comm H S Dist 225,Fairfield,Wayne,HIGH SCHOOL,SMALL,431.0,34.1,18.0,13.7,54.2,45.8,91.8,53538.61,82204.13,Wayne,2250,Fairfield Comm H S Dist 225,Fairfield,486.7,462.7
200970010260000,District,Grayville CUSD 1,Grayville,White,UNIT,SMALL,305.0,57.0,16.0,9.3,83.6,16.4,81.2,39659.06,95983.0,White,10,Grayville CUSD 1,Grayville,475.0,441.5
200970030260000,District,Norris City-Omaha-Enfield CUSD 3,Norris City,White,UNIT,MEDIUM,729.0,50.1,16.0,11.0,66.3,33.7,85.3,35603.55,66528.39,White,30,Norris City-Omaha-Enfield CUSD 3,Norris City,506.2,483.6
200970050260000,District,Carmi-White County CUSD 5,Carmi,White,UNIT,MEDIUM,1421.0,57.1,21.0,15.3,40.5,59.5,89.0,55197.89,99423.09,White,50,Carmi-White County CUSD 5,Carmi,469.7,439.7
210280990260000,District,Christopher USD 99,Christopher,Franklin,UNIT,MEDIUM,772.0,17.9,18.0,16.0,44.1,54.0,92.3,52354.92,97869.07,Franklin,990,Christopher USD 99,Christopher,474.4,468.4
210281030130000,District,Benton Cons HSD 103,Benton,Franklin,HIGH SCHOOL,SMALL,548.0,53.8,18.0,18.3,46.1,51.2,90.2,60758.77,91023.24,Franklin,1030,Benton Cons HSD 103,Benton,479.2,470.6
210281680260000,District,Frankfort CUSD 168,West Frankfort,Franklin,UNIT,LARGE,1773.0,47.8,19.0,14.5,52.7,47.3,85.9,58420.6,82297.75,Franklin,1680,Frankfort CUSD 168,West Frankfort,494.2,472.9
210281740260000,District,Thompsonville CUSD 174,Thompsonville,Franklin,UNIT,SMALL,336.0,40.5,14.0,13.9,81.4,17.4,94.7,42953.97,87322.01,Franklin,1740,Thompsonville CUSD 174,Thompsonville,476.6,455.2
210281880260000,District,Zeigler-Royalton CUSD 188,Zeigler,Franklin,UNIT,MEDIUM,605.0,63.5,17.0,14.9,87.9,12.1,87.0,51906.08,83425.33,Franklin,1880,Zeigler-Royalton CUSD 188,Zeigler,460.3,448.1
210281960260000,District,Sesser-Valier CUSD 196,Sesser,Franklin,UNIT,MEDIUM,646.0,51.1,17.0,17.3,63.2,36.8,87.2,50207.22,84688.52,Franklin,1960,Sesser-Valier CUSD 196,Sesser,497.3,480.0
210440010260000,District,Goreville CUD 1,Goreville,Johnson,UNIT,MEDIUM,597.0,37.4,19.0,16.8,65.8,34.2,95.6,55404.15,260021.32,Johnson,10,Goreville CUD 1,Goreville,496.1,471.8
210441330170000,District,Vienna HSD 133,Vienna,Johnson,HIGH SCHOOL,SMALL,380.0,45.8,21.0,16.6,65.0,35.0,93.4,49963.87,95505.51,Johnson,1330,Vienna HSD 133,Vienna,498.4,456.7
210610010260000,District,Massac UD 1,Metropolis,Massac,UNIT,LARGE,2027.0,59.4,22.0,15.0,48.3,50.3,88.7,54495.35,81769.59,Massac,10,Massac UD 1,Metropolis,500.7,472.3
210610380260000,District,Joppa-Maple Grove UD 38,Joppa,Massac,UNIT,SMALL,268.0,62.3,14.0,16.8,59.3,36.6,90.3,52054.24,100543.48,Massac,380,Joppa-Maple Grove UD 38,Joppa,448.5,449.2
211000010260000,District,Johnston City CUSD 1,Johnston City,Williamson,UNIT,MEDIUM,1104.0,63.0,22.0,14.7,58.6,41.4,90.4,54088.13,87925.0,Williamson,10,Johnston City CUSD 1,Johnston City,487.1,460.1
211000020260000,District,Marion CUSD 2,Marion,Williamson,UNIT,LARGE,4031.0,52.2,22.0,15.1,51.6,47.7,85.1,67670.43,101938.26,Williamson,20,Marion CUSD 2,Marion,485.6,473.2
211000030260000,District,Crab Orchard CUSD 3,Marion,Williamson,UNIT,MEDIUM,512.0,35.5,20.0,14.1,78.8,21.2,91.0,45720.41,105928.7,Williamson,30,Crab Orchard CUSD 3,Marion,473.5,441.5
211000040260000,District,Herrin CUSD 4,Herrin,Williamson,UNIT,LARGE,2481.0,55.5,20.0,14.8,63.0,36.3,90.7,57995.28,98876.13,Williamson,40,Herrin CUSD 4,Herrin,514.8,501.1
211000050260000,District,Carterville CUSD 5,Carterville,Williamson,UNIT,LARGE,2149.0,35.1,19.0,13.2,64.5,34.7,90.2,54312.55,97024.38,Williamson,50,Carterville CUSD 5,Carterville,538.3,536.2
240320010260000,District,Coal City CUSD 1,Coal City,Grundy,UNIT,LARGE,2230.0,27.0,21.0,12.6,38.1,61.9,90.4,65987.43,103776.8,Grundy,10,Coal City CUSD 1,Coal City,506.8,511.9
240320730170000,District,Gardner S Wilmington Twp HSD 73,Gardner,Grundy,HIGH SCHOOL,SMALL,185.0,26.5,13.0,13.5,45.9,54.1,86.5,46830.0,103235.37,Grundy,730,Gardner S Wilmington Twp HSD 73,Gardner,513.7,498.8
240321010160000,District,Morris CHSD 101,Morris,Grundy,HIGH SCHOOL,MEDIUM,878.0,17.0,19.0,14.7,39.6,60.4,93.5,56141.77,102077.22,Grundy,1010,Morris CHSD 101,Morris,515.9,508.0
240321110160000,District,Minooka CHSD 111,Channahon,Grundy,HIGH SCHOOL,MEDIUM,2746.0,16.5,23.0,12.9,23.6,76.4,90.7,67622.83,103639.67,Grundy,1110,Minooka CHSD 111,Channahon,525.2,502.6
240470180160000,District,Newark CHSD 18,Newark,Kendall,HIGH SCHOOL,SMALL,168.0,21.4,11.0,12.6,48.0,52.0,86.7,49839.05,111683.95,Kendall,180,Newark CHSD 18,Newark,511.4,505.0
240470880260000,District,Plano CUSD 88,Plano,Kendall,UNIT,LARGE,2385.0,58.6,21.0,13.0,46.5,53.5,86.1,61672.56,128885.64,Kendall,880,Plano CUSD 88,Plano,489.2,473.9
240471150260000,District,Yorkville CUSD 115,Yorkville,Kendall,UNIT,LARGE,6146.0,17.7,21.0,9.5,41.3,58.7,85.9,54538.76,101822.39,Kendall,1150,Yorkville CUSD 115,Yorkville,518.7,507.1
240473080260000,District,CUSD 308,Oswego,Kendall,UNIT,LARGE,18096.0,24.1,23.0,11.8,27.7,72.1,87.2,65231.65,83601.67,Kendall,3080,CUSD 308,Oswego,522.5,524.4
260290010260000,District,Astoria CUSD 1,Astoria,Fulton,UNIT,SMALL,351.0,53.3,16.0,9.8,88.9,11.1,73.2,33438.98,85558.1,Fulton,10,Astoria CUSD 1,Astoria,464.8,443.9
260290020260000,District,V I T CUSD 2,Table Grove,Fulton,UNIT,SMALL,378.0,40.5,13.0,15.2,59.5,40.5,82.5,41951.75,84438.86,Fulton,20,V I T CUSD 2,Table Grove,454.2,423.8
260290030260000,District,CUSD 3 Fulton County,Cuba,Fulton,UNIT,SMALL,424.0,49.1,15.0,14.7,83.9,16.1,74.5,39431.26,98106.84,Fulton,30,CUSD 3 Fulton County,Cuba,451.2,425.6
260290040260000,District,Spoon River Valley CUSD 4,London Mills,Fulton,UNIT,SMALL,337.0,45.4,12.0,15.9,85.1,14.9,88.9,40063.24,71726.84,Fulton,40,Spoon River Valley CUSD 4,London Mills,487.9,479.6
260290660250000,District,Canton Union SD 66,Canton,Fulton,UNIT,LARGE,2497.0,51.6,19.0,13.9,64.6,34.8,89.3,49512.49,84075.16,Fulton,660,Canton Union SD 66,Canton,501.1,489.5
260290970260000,District,Lewistown CUSD 97,Lewistown,Fulton,UNIT,MEDIUM,657.0,52.5,18.0,16.6,61.9,36.1,81.8,48074.76,84937.0,Fulton,970,Lewistown CUSD 97,Lewistown,488.6,448.0
260343070160000,District,Illini West H S Dist 307,Carthage,Hancock,HIGH SCHOOL,SMALL,341.0,39.9,13.0,18.7,80.2,19.8,88.6,46001.58,87891.94,Hancock,3070,Illini West H S Dist 307,Carthage,477.7,455.6
260343160260000,District,Warsaw CUSD 316,Warsaw,Hancock,UNIT,SMALL,416.0,35.8,17.0,13.8,60.9,39.1,81.8,39697.88,80576.67,Hancock,3160,Warsaw CUSD 316,Warsaw,504.3,469.1
260343280240000,District,Hamilton CCSD 328,Hamilton,Hancock,UNIT,MEDIUM,603.0,44.9,19.0,12.4,70.3,27.5,84.5,42454.48,87114.98,Hancock,3280,Hamilton CCSD 328,Hamilton,460.0,453.9
260343370260000,District,Southeastern CUSD 337,Augusta,Hancock,UNIT,SMALL,484.0,63.2,16.0,13.6,58.8,41.2,79.6,40350.44,88881.75,Hancock,3370,Southeastern CUSD 337,Augusta,501.0,479.0
260621030260000,District,West Prairie CUSD 103,Colchester,McDonough,UNIT,MEDIUM,608.0,49.0,16.0,14.4,83.0,17.0,84.2,42662.85,83530.9,McDonough,1030,West Prairie CUSD 103,Colchester,520.9,484.4
260621700260000,District,Bushnell Prairie City CUSD 170,Bushnell,McDonough,UNIT,MEDIUM,696.0,56.8,14.0,12.1,74.1,25.9,78.2,39088.91,91649.0,McDonough,1700,Bushnell Prairie City CUSD 170,Bushnell,450.2,459.2
260621850260000,District,Macomb CUSD 185,Macomb,McDonough,UNIT,LARGE,2076.0,46.8,19.0,13.6,55.1,44.2,87.7,47381.03,97752.95,McDonough,1850,Macomb CUSD 185,Macomb,532.0,513.1
260850050260000,District,Schuyler-Industry CUSD 5,Rushville,Schuyler,UNIT,MEDIUM,1071.0,40.1,19.0,16.3,59.3,40.7,57.1,47981.79,84764.68,Schuyler,50,Schuyler-Industry CUSD 5,Rushville,475.3,460.3
280061030220000,District,DePue USD 103,DePue,Bureau,UNIT,SMALL,429.0,71.1,11.0,10.7,67.1,32.9,84.4,40786.1,100250.0,Bureau,1030,DePue USD 103,DePue,434.1,441.8
280063030260000,District,La Moille CUSD 303,La Moille,Bureau,UNIT,SMALL,226.0,46.9,13.0,13.9,59.0,41.0,85.5,44616.08,95690.33,Bureau,3030,La Moille CUSD 303,La Moille,508.5,515.0
280063400260000,District,Bureau Valley CUSD 340,Manlius,Bureau,UNIT,MEDIUM,1118.0,48.6,19.0,15.5,72.3,27.7,87.3,53627.45,90456.0,Bureau,3400,Bureau Valley CUSD 340,Manlius,485.9,471.5
280065000150000,District,Princeton HSD 500,Princeton,Bureau,HIGH SCHOOL,SMALL,531.0,36.7,17.0,16.3,37.3,62.7,87.5,67419.42,108738.0,Bureau,5000,Princeton HSD 500,Princeton,519.4,494.4
280065020170000,District,Hall HSD 502,Spring Valley,Bureau,HIGH SCHOOL,SMALL,438.0,46.1,15.0,13.5,30.1,66.8,88.9,55972.52,93332.8,Bureau,5020,Hall HSD 502,Spring Valley,493.8,495.0
280065050160000,District,Ohio CHSD 505,Ohio,Bureau,HIGH SCHOOL,SMALL,35.0,51.4,7.0,14.9,54.2,45.8,81.8,45932.59,103853.29,Bureau,5050,Ohio CHSD 505,Ohio,535.0,518.8
280372230260000,District,Orion CUSD 223,Orion,Henry,UNIT,MEDIUM,1061.0,16.3,19.0,14.3,60.0,38.5,89.3,52829.47,110645.82,Henry,2230,Orion CUSD 223,Orion,504.2,542.5
280372240260000,District,Galva CUSD 224,Galva,Henry,UNIT,MEDIUM,519.0,53.0,15.0,14.5,61.5,38.5,89.1,44606.31,92817.75,Henry,2240,Galva CUSD 224,Galva,480.8,457.4
280372250260000,District,AlWood CUSD 225,Woodhull,Henry,UNIT,SMALL,395.0,44.3,14.0,14.8,64.5,32.6,83.7,51710.56,107170.67,Henry,2250,AlWood CUSD 225,Woodhull,481.5,472.3
280372260260000,District,Annawan CUSD 226,Annawan,Henry,UNIT,SMALL,358.0,38.0,15.0,15.0,41.9,58.1,90.8,46225.92,81697.34,Henry,2260,Annawan CUSD 226,Annawan,495.6,467.2
280372270260000,District,Cambridge CUSD 227,Cambridge,Henry,UNIT,SMALL,478.0,41.4,16.0,13.1,68.2,31.8,93.3,46117.22,106707.24,Henry,2270,Cambridge CUSD 227,Cambridge,544.7,514.4
280372280260000,District,Geneseo CUSD 228,Geneseo,Henry,UNIT,LARGE,2623.0,23.3,23.0,14.2,39.4,60.6,87.7,52127.46,101483.31,Henry,2280,Geneseo CUSD 228,Geneseo,516.2,503.7
280372290260000,District,Kewanee CUSD 229,Kewanee,Henry,UNIT,LARGE,1969.0,74.4,18.0,12.4,64.4,34.8,84.6,46521.0,106083.2,Henry,2290,Kewanee CUSD 229,Kewanee,474.3,455.3
280372300260000,District,Wethersfield CUSD 230,Kewanee,Henry,UNIT,MEDIUM,590.0,43.2,17.0,17.4,29.1,70.9,92.9,50809.23,105800.0,Henry,2300,Wethersfield CUSD 230,Kewanee,497.5,468.0
280881000260000,District,Stark County CUSD 100,Wyoming,Stark,UNIT,MEDIUM,727.0,41.1,14.0,14.7,59.5,40.5,80.0,45690.41,95502.25,Stark,1000,Stark County CUSD 100,Wyoming,485.5,491.3
300020010220000,District,Cairo USD 1,Cairo,Alexander,UNIT,SMALL,388.0,98.5,19.0,15.7,65.0,35.0,72.5,46828.85,91791.83,Alexander,10,Cairo USD 1,Cairo,403.0,402.0
300020050260000,District,Egyptian CUSD 5,Tamms,Alexander,UNIT,SMALL,448.0,85.5,15.0,17.1,51.8,48.2,86.3,47786.64,86038.33,Alexander,50,Egyptian CUSD 5,Tamms,458.4,416.8
300391650160000,District,Carbondale CHSD 165,Carbondale,Jackson,HIGH SCHOOL,MEDIUM,1009.0,58.4,18.0,15.3,48.8,49.9,90.9,63198.77,90347.08,Jackson,1650,Carbondale CHSD 165,Carbondale,505.2,517.2
300391760260000,District,Trico CUSD 176,Campbell Hill,Jackson,UNIT,MEDIUM,964.0,53.6,20.0,13.7,73.6,26.4,90.1,47097.51,85396.55,Jackson,1760,Trico CUSD 176,Campbell Hill,467.6,472.4
300391860260000,District,Murphysboro CUSD 186,Murphysboro,Jackson,UNIT,LARGE,2047.0,95.1,22.0,13.2,69.4,29.9,82.4,49636.72,72528.11,Jackson,1860,Murphysboro CUSD 186,Murphysboro,486.7,478.6
300391960260000,District,Elverado CUSD 196,Elkville,Jackson,UNIT,SMALL,413.0,61.5,14.0,11.8,80.1,19.9,79.4,39425.47,77142.98,Jackson,1960,Elverado CUSD 196,Elkville,471.2,443.8
300731010160000,District,Pinckneyville CHSD 101,Pinckneyville,Perry,HIGH SCHOOL,SMALL,451.0,38.1,18.0,13.9,74.2,25.8,90.7,51013.3,103990.0,Perry,1010,Pinckneyville CHSD 101,Pinckneyville,488.6,509.6
300733000260000,District,Du Quoin CUSD 300,Du Quoin,Perry,UNIT,MEDIUM,1529.0,54.5,18.0,15.0,78.5,21.5,91.1,50745.68,98029.57,Perry,3000,Du Quoin CUSD 300,Du Quoin,477.4,483.4
300771000260000,District,Century CUSD 100,Ullin,Pulaski,UNIT,SMALL,367.0,63.2,20.0,12.4,79.9,16.3,75.0,43239.69,74650.71,Pulaski,1000,Century CUSD 100,Ullin,458.4,434.4
300771010260000,District,Meridian CUSD 101,Mounds,Pulaski,UNIT,SMALL,456.0,99.6,15.0,13.3,62.3,34.6,72.4,41389.1,82565.5,Pulaski,1010,Meridian CUSD 101,Mounds,413.3,420.0
300910170220000,District,Cobden SUD 17,Cobden,Union,UNIT,MEDIUM,529.0,59.5,17.0,12.9,60.6,39.4,88.1,47292.22,103751.0,Union,170,Cobden SUD 17,Cobden,486.1,469.8
300910660220000,District,Dongola USD 66,Dongola,Union,UNIT,SMALL,281.0,91.8,16.0,10.4,83.3,16.7,75.0,36262.94,89550.39,Union,660,Dongola USD 66,Dongola,459.3,450.7
300910810160000,District,Anna Jonesboro CHSD 81,Anna,Union,HIGH SCHOOL,SMALL,521.0,44.5,15.0,12.3,55.9,44.1,95.0,54340.55,104880.67,Union,810,Anna Jonesboro CHSD 81,Anna,477.5,461.5
300910840260000,District,Shawnee CUSD 84,Wolf Lake,Union,UNIT,SMALL,331.0,99.4,18.0,12.9,70.9,29.1,90.0,43021.44,79692.85,Union,840,Shawnee CUSD 84,Wolf Lake,456.5,431.7
310450460220000,District,SD U-46,Elgin,Kane,UNIT,LARGE,38764.0,59.1,22.0,13.4,33.5,66.0,84.7,68004.51,103071.1,Kane,460,SD U-46,Elgin,486.2,482.8
310451010220000,District,Batavia USD 101,Batavia,Kane,UNIT,LARGE,5828.0,17.3,24.0,14.0,28.1,71.9,90.5,78220.71,110849.79,Kane,1010,Batavia USD 101,Batavia,548.4,560.7
310451290220000,District,Aurora West USD 129,Aurora,Kane,UNIT,LARGE,12316.0,50.4,22.0,13.1,27.3,72.5,87.0,67970.08,91533.29,Kane,1290,Aurora West USD 129,Aurora,481.1,465.0
310451310220000,District,Aurora East USD 131,Aurora,Kane,UNIT,LARGE,14061.0,71.7,23.0,10.9,43.9,55.9,87.0,59698.24,93573.37,Kane,1310,Aurora East USD 131,Aurora,445.2,445.7
310453000260000,District,CUSD 300,Algonquin,Kane,UNIT,LARGE,20985.0,41.7,23.0,10.8,45.9,53.2,85.4,57632.71,104337.4,Kane,3000,CUSD 300,Algonquin,506.0,500.9
310453010260000,District,Central CUSD 301,Burlington,Kane,UNIT,LARGE,4175.0,10.4,20.0,10.3,47.4,52.6,86.4,56620.06,106044.24,Kane,3010,Central CUSD 301,Burlington,530.8,525.8
310453020260000,District,Kaneland CUSD 302,Maple Park,Kane,UNIT,LARGE,4410.0,12.2,23.0,12.0,32.7,67.3,86.4,67209.67,97856.52,Kane,3020,Kaneland CUSD 302,Maple Park,527.1,512.9
310453030260000,District,St Charles CUSD 303,St Charles,Kane,UNIT,LARGE,12442.0,15.6,23.0,13.5,35.1,64.9,78.9,65079.52,108137.87,Kane,3030,St Charles CUSD 303,St Charles,555.3,573.4
310453040260000,District,Geneva CUSD 304,Geneva,Kane,UNIT,LARGE,5831.0,5.1,23.0,13.4,24.9,75.1,91.6,69684.28,107395.92,Kane,3040,Geneva CUSD 304,Geneva,562.7,568.7
320380030260000,District,Donovan CUSD 3,Donovan,Iroquois,UNIT,SMALL,289.0,54.7,22.0,12.7,62.7,33.2,81.6,43702.24,89200.0,Iroquois,30,Donovan CUSD 3,Donovan,460.0,433.7
320380040260000,District,Central CUSD 4,Ashkum,Iroquois,UNIT,MEDIUM,1071.0,41.3,20.0,15.6,45.4,54.6,86.4,47453.81,85073.83,Iroquois,40,Central CUSD 4,Ashkum,509.4,515.4
320380060260000,District,Cissna Park CUSD 6,Cissna Park,Iroquois,UNIT,SMALL,301.0,25.6,19.0,11.9,63.8,31.9,80.4,41319.32,105802.8,Iroquois,60,Cissna Park CUSD 6,Cissna Park,520.0,511.3
320380090260000,District,Iroquois County CUSD 9,Watseka,Iroquois,UNIT,MEDIUM,1009.0,59.1,18.0,15.4,51.6,45.6,89.1,56288.16,85385.66,Iroquois,90,Iroquois County CUSD 9,Watseka,486.7,480.4
320380100260000,District,Iroquois West CUSD 10,Gilman,Iroquois,UNIT,MEDIUM,1014.0,55.0,18.0,12.7,66.2,32.4,81.2,45424.17,76259.45,Iroquois,100,Iroquois West CUSD 10,Gilman,473.1,437.1
320381240260000,District,Milford Area Public Schools District 124,Milford,Iroquois,UNIT,MEDIUM,597.0,57.5,15.0,15.0,56.7,40.4,94.3,51633.38,106729.25,Iroquois,1240,Milford Area Public Schools District 124,Milford,532.5,504.3
320460010260000,District,Momence CUSD 1,Momence,Kankakee,UNIT,MEDIUM,1101.0,65.7,22.0,13.1,45.2,54.8,77.2,48999.15,87839.93,Kankakee,10,Momence CUSD 1,Momence,431.9,418.8
320460020260000,District,Herscher CUSD 2,Herscher,Kankakee,UNIT,MEDIUM,1718.0,27.6,20.0,14.1,49.4,50.6,87.4,45022.89,89638.4,Kankakee,20,Herscher CUSD 2,Herscher,509.2,523.3
320460050260000,District,Manteno CUSD 5,Manteno,Kankakee,UNIT,LARGE,2131.0,34.4,22.0,12.2,44.9,55.1,82.4,45913.48,81898.83,Kankakee,50,Manteno CUSD 5,Manteno,495.2,473.2
320460060260000,District,Grant Park CUSD 6,Grant Park,Kankakee,UNIT,MEDIUM,495.0,40.4,15.0,11.7,51.7,48.3,84.6,42322.69,97465.83,Kankakee,60,Grant Park CUSD 6,Grant Park,519.8,513.2
320461110250000,District,Kankakee SD 111,Kankakee,Kankakee,UNIT,LARGE,5165.0,67.4,17.0,14.7,40.4,56.4,75.8,54579.07,98314.79,Kankakee,1110,Kankakee SD 111,Kankakee,440.1,419.0
320463020160000,District,St Anne CHSD 302,Saint Anne,Kankakee,HIGH SCHOOL,SMALL,217.0,80.6,12.0,6.3,69.2,30.8,74.1,53688.2,90562.0,Kankakee,3020,St Anne CHSD 302,Saint Anne,457.3,447.1
320463070160000,District,Bradley Bourbonnais CHSD 307,Bradley,Kankakee,HIGH SCHOOL,MEDIUM,2047.0,42.6,24.0,11.8,47.2,52.8,87.1,57061.98,103890.34,Kankakee,3070,Bradley Bourbonnais CHSD 307,Bradley,497.5,478.8
330362350260000,District,West Central CUSD 235,Biggsville,Henderson,UNIT,MEDIUM,789.0,56.5,15.0,12.8,68.6,31.4,88.0,40838.11,78193.0,Henderson,2350,West Central CUSD 235,Biggsville,474.4,435.1
330482020260000,District,Knoxville CUSD 202,Knoxville,Knox,UNIT,MEDIUM,1064.0,41.8,20.0,14.0,64.2,35.8,92.2,50355.33,93466.16,Knox,2020,Knoxville CUSD 202,Knoxville,486.0,498.3
330482050260000,District,Galesburg CUSD 205,Galesburg,Knox,UNIT,LARGE,4384.0,61.4,19.0,15.3,48.0,51.6,83.7,58909.14,96987.29,Knox,2050,Galesburg CUSD 205,Galesburg,479.4,468.3
330482080260000,District,R O W V A CUSD 208,Oneida,Knox,UNIT,MEDIUM,594.0,43.8,15.0,15.0,65.5,34.5,93.5,52756.72,103887.0,Knox,2080,R O W V A CUSD 208,Oneida,520.2,486.1
330482100260000,District,Williamsfield CUSD 210,Williamsfield,Knox,UNIT,SMALL,258.0,32.6,13.0,12.4,70.0,30.0,77.1,55891.93,109199.5,Knox,2100,Williamsfield CUSD 210,Williamsfield,494.0,466.7
330482760260000,District,Abingdon-Avon CUSD 276,Abingdon,Knox,UNIT,MEDIUM,971.0,47.7,18.0,11.4,67.3,31.3,78.1,41237.26,108321.26,Knox,2760,Abingdon-Avon CUSD 276,Abingdon,456.1,416.3
330664040260000,District,Mercer County School District 404,Aledo,Mercer,UNIT,MEDIUM,1352.0,40.2,17.0,13.9,54.5,45.5,88.6,49107.09,86867.86,Mercer,4040,Mercer County School District 404,Aledo,506.5,494.2
330942380260000,District,Monmouth-Roseville CUSD 238,Monmouth,Warren,UNIT,MEDIUM,1692.0,80.7,16.0,12.9,77.7,21.4,79.8,43501.57,100427.12,Warren,2380,Monmouth-Roseville CUSD 238,Monmouth,480.4,473.0
330943040260000,District,United CUSD 304,Monmouth,Warren,UNIT,MEDIUM,956.0,43.6,18.0,13.4,64.8,35.2,84.2,47865.09,84286.0,Warren,3040,United CUSD 304,Monmouth,531.9,512.3
340490600260000,District,Waukegan CUSD 60,Waukegan,Lake,UNIT,LARGE,16275.0,69.7,23.0,12.1,35.5,64.3,78.2,62085.96,99402.78,Lake,600,Waukegan CUSD 60,Waukegan,437.2,424.5
340490950260000,District,Lake Zurich CUSD 95,Lake Zurich,Lake,UNIT,LARGE,5693.0,12.2,21.0,15.5,24.5,75.2,92.8,75053.0,107007.7,Lake,950,Lake Zurich CUSD 95,Lake Zurich,561.0,566.3
340491130170000,District,Twp HSD 113,Highland Park,Lake,HIGH SCHOOL,LARGE,3677.0,9.3,16.0,17.3,16.1,83.9,95.5,113186.0,144195.91,Lake,1130,Twp HSD 113,Highland Park,591.1,589.0
340491150160000,District,Lake Forest CHSD 115,Lake Forest,Lake,HIGH SCHOOL,MEDIUM,1628.0,2.1,19.0,14.8,26.6,73.4,93.8,102027.29,140118.31,Lake,1150,Lake Forest CHSD 115,Lake Forest,588.5,597.3
340491160260000,District,Round Lake CUSD 116,Round Lake,Lake,UNIT,LARGE,6948.0,66.7,18.0,10.8,33.5,66.5,86.8,66674.1,98351.48,Lake,1160,Round Lake CUSD 116,Round Lake,466.2,454.8
340491170160000,District,CHSD 117,Lake Villa,Lake,HIGH SCHOOL,MEDIUM,2754.0,17.7,22.0,10.9,39.2,60.8,85.7,61310.65,98766.69,Lake,1170,CHSD 117,Lake Villa,532.2,525.3
340491180260000,District,Wauconda CUSD 118,Wauconda,Lake,UNIT,LARGE,4687.0,32.2,22.0,13.4,23.9,76.1,92.0,66785.58,113162.69,Lake,1180,Wauconda CUSD 118,Wauconda,527.1,509.7
340491200130000,District,Mundelein Cons HSD 120,Mundelein,Lake,HIGH SCHOOL,MEDIUM,2010.0,30.0,21.0,13.5,31.4,68.6,90.8,85887.37,126882.7,Lake,1200,Mundelein Cons HSD 120,Mundelein,511.6,497.2
340491210170000,District,Warren Twp HSD 121,Gurnee,Lake,HIGH SCHOOL,LARGE,4117.0,16.6,20.0,14.7,27.5,72.1,94.8,81757.61,135656.58,Lake,1210,Warren Twp HSD 121,Gurnee,530.7,517.5
340491240160000,District,Grant CHSD 124,Fox Lake,Lake,HIGH SCHOOL,MEDIUM,1845.0,34.5,21.0,11.2,26.0,74.0,90.1,62276.35,110995.36,Lake,1240,Grant CHSD 124,Fox Lake,506.3,502.7
340491250130000,District,Adlai E Stevenson HSD 125,Lincolnshire,Lake,HIGH SCHOOL,LARGE,4230.0,4.9,20.0,14.4,16.5,83.5,91.6,99274.59,147507.93,Lake,1250,Adlai E Stevenson HSD 125,Lincolnshire,614.0,640.6
340491260170000,District,Zion-Benton Twp HSD 126,Zion,Lake,HIGH SCHOOL,MEDIUM,2633.0,60.5,19.0,11.3,26.2,73.2,89.6,60330.32,111809.3,Lake,1260,Zion-Benton Twp HSD 126,Zion,477.5,456.9
340491270160000,District,Grayslake CHSD 127,Grayslake,Lake,HIGH SCHOOL,MEDIUM,2902.0,10.9,21.0,14.2,34.9,64.6,92.2,76047.49,122106.18,Lake,1270,Grayslake CHSD 127,Grayslake,548.1,535.4
340491280160000,District,CHSD 128,Vernon Hills,Lake,HIGH SCHOOL,MEDIUM,3397.0,7.8,22.0,16.6,24.7,75.3,94.2,109494.92,146689.37,Lake,1280,CHSD 128,Vernon Hills,597.3,607.2
340491870260000,District,North Chicago SD 187,North Chicago,Lake,UNIT,LARGE,3558.0,92.0,19.0,9.0,48.1,51.9,60.9,50213.16,104149.42,Lake,1870,North Chicago SD 187,North Chicago,428.9,404.5
340492200260000,District,Barrington CUSD 220,Barrington,Lake,UNIT,LARGE,8706.0,18.9,21.0,14.1,18.3,81.5,88.0,80635.12,126155.86,Lake,2200,Barrington CUSD 220,Barrington,577.3,585.3
350500010260000,District,Leland CUSD 1,Leland,La Salle,UNIT,SMALL,259.0,40.2,17.0,16.4,38.1,61.9,89.8,46992.01,102139.69,La Salle,10,Leland CUSD 1,Leland,508.2,469.1
350500020260000,District,Serena CUSD 2,Serena,La Salle,UNIT,MEDIUM,656.0,35.2,16.0,15.3,47.1,52.9,63.7,66656.27,89026.16,La Salle,20,Serena CUSD 2,Serena,483.7,464.3
350500090260000,District,Earlville CUSD 9,Earlville,La Salle,UNIT,SMALL,413.0,38.5,13.0,13.4,48.9,51.1,70.2,45880.83,90000.0,La Salle,90,Earlville CUSD 9,Earlville,480.3,479.7
350500400170000,District,Streator Twp HSD 40,Streator,La Salle,HIGH SCHOOL,MEDIUM,882.0,50.3,19.0,16.3,23.4,74.9,92.7,64409.58,111221.74,La Salle,400,Streator Twp HSD 40,Streator,464.1,442.8
350501200170000,District,La Salle-Peru Twp HSD 120,La Salle,La Salle,HIGH SCHOOL,MEDIUM,1231.0,41.8,22.0,14.6,22.2,73.2,89.1,60045.56,107180.42,La Salle,1200,La Salle-Peru Twp HSD 120,La Salle,503.4,479.5
350501400170000,District,Ottawa Twp HSD 140,Ottawa,La Salle,HIGH SCHOOL,MEDIUM,1346.0,30.8,20.0,14.8,28.3,71.7,92.4,58972.57,95888.46,La Salle,1400,Ottawa Twp HSD 140,Ottawa,501.2,486.8
350501600170000,District,Seneca Twp HSD 160,Seneca,La Salle,HIGH SCHOOL,SMALL,462.0,31.4,17.0,18.5,17.8,82.2,94.7,87308.99,141222.99,La Salle,1600,Seneca Twp HSD 160,Seneca,504.9,480.7
350502800170000,District,Mendota Twp HSD 280,Mendota,La Salle,HIGH SCHOOL,SMALL,561.0,49.6,20.0,16.4,20.2,76.9,95.3,65802.41,101480.65,La Salle,2800,Mendota Twp HSD 280,Mendota,488.9,488.8
350590050260000,District,Henry-Senachwine CUSD 5,Henry,Marshall,UNIT,MEDIUM,567.0,45.9,15.0,15.7,61.3,38.7,90.1,52624.36,100407.1,Marshall,50,Henry-Senachwine CUSD 5,Henry,484.6,463.5
350590070260000,District,Midland CUSD 7,Sparland,Marshall,UNIT,MEDIUM,708.0,43.8,21.0,12.1,69.7,30.3,80.7,39964.57,83964.25,Marshall,70,Midland CUSD 7,Sparland,465.0,462.6
350785350260000,District,Putnam County CUSD 535,Granville,Putnam,UNIT,MEDIUM,872.0,35.1,15.0,12.5,62.3,37.7,84.9,46365.01,85705.29,Putnam,5350,Putnam County CUSD 535,Granville,493.6,477.5
390550010260000,District,Argenta-Oreana CUSD 1,Argenta,Macon,UNIT,MEDIUM,964.0,46.6,16.0,11.8,69.1,29.4,81.7,44943.38,96213.94,Macon,10,Argenta-Oreana CUSD 1,Argenta,496.3,467.3
390550020260000,District,Maroa Forsyth CUSD 2,Maroa,Macon,UNIT,MEDIUM,1179.0,24.2,20.0,14.7,49.3,50.7,86.6,56275.35,100375.0,Macon,20,Maroa Forsyth CUSD 2,Maroa,524.0,506.6
390550030260000,District,Mt Zion CUSD 3,Mt Zion,Macon,UNIT,LARGE,2394.0,20.0,17.0,14.9,43.5,56.5,89.2,56819.87,110774.58,Macon,30,Mt Zion CUSD 3,Mt Zion,543.4,531.6
390550090260000,District,Sangamon Valley CUSD 9,Niantic,Macon,UNIT,MEDIUM,724.0,46.4,18.0,13.3,72.4,27.6,87.6,48398.36,72824.17,Macon,90,Sangamon Valley CUSD 9,Niantic,490.8,499.4
390550110260000,District,Warrensburg-Latham CUSD 11,Warrensburg,Macon,UNIT,MEDIUM,942.0,37.9,20.0,14.8,50.4,49.6,88.6,52739.18,94907.57,Macon,110,Warrensburg-Latham CUSD 11,Warrensburg,511.9,472.1
390550150260000,District,Meridian CUSD 15,Macon,Macon,UNIT,MEDIUM,1039.0,35.4,16.0,16.5,59.8,40.2,85.8,54264.41,102654.0,Macon,150,Meridian CUSD 15,Macon,487.9,470.1
390550610250000,District,Decatur SD 61,Decatur,Macon,UNIT,LARGE,8923.0,66.2,19.0,11.6,56.4,43.6,67.4,47425.72,89805.37,Macon,610,Decatur SD 61,Decatur,460.3,451.6
390740050260000,District,Bement CUSD 5,Bement,Piatt,UNIT,SMALL,312.0,49.4,12.0,11.8,69.8,30.2,83.5,37983.71,100773.33,Piatt,50,Bement CUSD 5,Bement,479.7,464.1
390740250260000,District,Monticello CUSD 25,Monticello,Piatt,UNIT,MEDIUM,1623.0,23.1,21.0,13.9,42.3,57.7,88.0,50747.33,104047.71,Piatt,250,Monticello CUSD 25,Monticello,535.6,529.4
390740570260000,District,Deland-Weldon CUSD 57,De Land,Piatt,UNIT,SMALL,202.0,52.0,11.0,9.5,60.9,39.1,75.0,36972.33,79000.0,Piatt,570,Deland-Weldon CUSD 57,De Land,473.3,450.0
390741000260000,District,Cerro Gordo CUSD 100,Cerro Gordo,Piatt,UNIT,MEDIUM,486.0,38.3,17.0,16.4,52.1,42.3,84.3,46657.47,91463.85,Piatt,1000,Cerro Gordo CUSD 100,Cerro Gordo,499.1,500.0
400070400260000,District,Calhoun CUSD 40,Hardin,Calhoun,UNIT,SMALL,459.0,43.8,16.0,13.9,52.5,47.5,92.0,42873.36,80321.75,Calhoun,400,Calhoun CUSD 40,Hardin,488.8,471.9
400070420260000,District,Brussels CUSD 42,Brussels,Calhoun,UNIT,SMALL,125.0,37.6,7.0,8.3,87.5,0.0,89.2,35051.27,69064.17,Calhoun,420,Brussels CUSD 42,Brussels,491.3,498.1
400310010260000,District,Carrollton CUSD 1,Carrollton,Greene,UNIT,MEDIUM,545.0,58.2,15.0,11.9,53.3,46.7,87.5,42723.08,105108.1,Greene,10,Carrollton CUSD 1,Carrollton,502.8,542.2
400310030260000,District,North Greene CUSD 3,White Hall,Greene,UNIT,MEDIUM,861.0,63.4,18.0,13.6,70.6,26.3,91.3,38670.41,71043.86,Greene,30,North Greene CUSD 3,White Hall,464.3,434.1
400310100260000,District,Greenfield CUSD 10,Greenfield,Greene,UNIT,SMALL,453.0,46.8,16.0,16.9,70.9,27.9,92.7,47919.71,79332.33,Greene,100,Greenfield CUSD 10,Greenfield,511.0,510.3
400421000260000,District,Jersey CUSD 100,Jerseyville,Jersey,UNIT,LARGE,2544.0,42.8,23.0,17.4,46.8,52.4,89.0,59494.06,89046.92,Jersey,1000,Jersey CUSD 100,Jerseyville,507.1,506.3
400560010260000,District,Carlinville CUSD 1,Carlinville,Macoupin,UNIT,MEDIUM,1459.0,46.6,20.0,14.5,51.1,48.9,89.6,57019.58,95441.31,Macoupin,10,Carlinville CUSD 1,Carlinville,515.4,522.9
400560020260000,District,Northwestern CUSD 2,Palmyra,Macoupin,UNIT,SMALL,366.0,58.2,15.0,12.9,66.2,29.5,91.5,41033.29,75004.74,Macoupin,20,Northwestern CUSD 2,Palmyra,486.2,455.9
400560050260000,District,Mount Olive CUSD 5,Mount Olive,Macoupin,UNIT,SMALL,473.0,41.0,14.0,12.9,52.4,45.0,82.9,49713.29,89275.84,Macoupin,50,Mount Olive CUSD 5,Mount Olive,518.4,484.7
400560060260000,District,Staunton CUSD 6,Staunton,Macoupin,UNIT,MEDIUM,1313.0,37.0,17.0,14.3,58.2,41.8,91.3,61859.75,95914.87,Macoupin,60,Staunton CUSD 6,Staunton,492.0,509.8
400560070260000,District,Gillespie CUSD 7,Gillespie,Macoupin,UNIT,MEDIUM,1325.0,76.5,21.0,15.1,38.1,61.9,93.4,61084.91,95021.25,Macoupin,70,Gillespie CUSD 7,Gillespie,517.2,501.2
400560080260000,District,Bunker Hill CUSD 8,Bunker Hill,Macoupin,UNIT,MEDIUM,591.0,48.7,19.0,12.1,44.2,55.8,74.4,49204.81,94613.05,Macoupin,80,Bunker Hill CUSD 8,Bunker Hill,471.9,466.0
400560090260000,District,Southwestern CUSD 9,Brighton,Macoupin,UNIT,MEDIUM,1422.0,38.3,20.0,16.8,49.9,48.9,80.9,56825.61,104776.67,Macoupin,90,Southwestern CUSD 9,Brighton,502.8,491.3
400560340260000,District,North Mac CUSD 34,Girard,Macoupin,UNIT,MEDIUM,1336.0,52.0,18.0,14.9,44.1,55.9,82.4,48699.91,88279.67,Macoupin,340,North Mac CUSD 34,Girard,490.6,478.4
410570010260000,District,Roxana CUSD 1,Roxana,Madison,UNIT,LARGE,1889.0,47.1,21.0,16.2,38.3,60.9,85.9,68760.11,113002.25,Madison,10,Roxana CUSD 1,Roxana,479.1,458.8
410570020260000,District,Triad CUSD 2,Troy,Madison,UNIT,LARGE,3786.0,22.2,23.0,14.4,43.9,56.1,93.2,58200.5,96437.0,Madison,20,Triad CUSD 2,Troy,508.5,521.9
410570050260000,District,Highland CUSD 5,Highland,Madison,UNIT,LARGE,2868.0,29.5,21.0,15.6,42.0,58.0,91.5,56889.4,94370.97,Madison,50,Highland CUSD 5,Highland,506.7,513.2
410570070260000,District,Edwardsville CUSD 7,Edwardsville,Madison,UNIT,LARGE,7531.0,17.8,24.0,14.1,42.9,56.9,88.1,51715.75,85455.04,Madison,70,Edwardsville CUSD 7,Edwardsville,539.0,537.0
410570080260000,District,Bethalto CUSD 8,Bethalto,Madison,UNIT,LARGE,2476.0,47.5,22.0,16.0,44.2,55.8,88.3,59458.53,98981.0,Madison,80,Bethalto CUSD 8,Bethalto,493.9,478.8
410570090260000,District,Granite City CUSD 9,Granite City,Madison,UNIT,LARGE,6160.0,62.2,23.0,17.3,48.2,50.8,86.1,66215.86,109074.78,Madison,90,Granite City CUSD 9,Granite City,468.5,449.8
410570100260000,District,Collinsville CUSD 10,Collinsville,Madison,UNIT,LARGE,6350.0,58.7,19.0,12.6,49.9,49.8,91.0,59431.75,100991.08,Madison,100,Collinsville CUSD 10,Collinsville,485.4,474.3
410570110260000,District,Alton CUSD 11,Alton,Madison,UNIT,LARGE,6315.0,57.1,26.0,14.3,51.8,46.7,82.5,51589.02,93232.63,Madison,110,Alton CUSD 11,Alton,490.0,481.1
410570120260000,District,Madison CUSD 12,Madison,Madison,UNIT,MEDIUM,700.0,96.9,17.0,9.9,56.1,43.9,73.6,46280.6,100569.08,Madison,120,Madison CUSD 12,Madison,419.4,394.8
410570140160000,District,East Alton-Wood River CHSD 14,Wood River,Madison,HIGH SCHOOL,SMALL,572.0,61.5,21.0,14.8,51.5,45.5,90.0,59242.86,111631.76,Madison,140,East Alton-Wood River CHSD 14,Wood River,468.6,446.8
440630120260000,District,Johnsburg CUSD 12,Johnsburg,McHenry,UNIT,LARGE,1861.0,24.4,22.0,14.3,33.3,65.9,85.3,60594.01,103451.16,McHenry,120,Johnsburg CUSD 12,Johnsburg,514.5,495.1
440630190240000,District,Alden Hebron SD 19,Hebron,McHenry,UNIT,SMALL,415.0,45.5,14.0,9.3,75.4,24.6,75.3,43524.25,99677.33,McHenry,190,Alden Hebron SD 19,Hebron,511.4,507.2
440630500260000,District,Harvard CUSD 50,Harvard,McHenry,UNIT,LARGE,2732.0,58.3,16.0,10.9,49.5,49.5,86.5,48345.39,96453.92,McHenry,500,Harvard CUSD 50,Harvard,463.3,448.4
440631540160000,District,Marengo CHSD 154,Marengo,McHenry,HIGH SCHOOL,MEDIUM,701.0,28.5,19.0,13.6,20.7,76.6,91.3,71293.75,115395.25,McHenry,1540,Marengo CHSD 154,Marengo,523.2,538.7
440631550160000,District,CHSD 155,Crystal Lake,McHenry,HIGH SCHOOL,LARGE,6113.0,20.2,18.0,16.3,13.7,86.0,93.5,92641.29,125127.24,McHenry,1550,CHSD 155,Crystal Lake,540.1,549.9
440631560160000,District,McHenry CHSD 156,McHenry,McHenry,HIGH SCHOOL,MEDIUM,2221.0,29.4,24.0,13.7,37.2,62.8,83.4,70559.52,110265.02,McHenry,1560,McHenry CHSD 156,McHenry,498.5,494.9
440631570160000,District,Richmond-Burton CHSD 157,Richmond,McHenry,HIGH SCHOOL,MEDIUM,666.0,10.1,18.0,13.7,23.4,76.6,92.1,59443.68,102490.24,McHenry,1570,Richmond-Burton CHSD 157,Richmond,560.1,558.1
440631580220000,District,Huntley Community School District 158,Algonquin,McHenry,UNIT,LARGE,9601.0,10.5,23.0,12.0,35.3,64.3,90.2,58895.11,96640.57,McHenry,1580,Huntley Community School District 158,Algonquin,543.7,548.0
440632000260000,District,Woodstock CUSD 200,Woodstock,McHenry,UNIT,LARGE,6419.0,39.6,22.0,12.4,32.3,67.4,89.4,61169.25,117119.07,McHenry,2000,Woodstock CUSD 200,Woodstock,510.4,503.4
450670030260000,District,Valmeyer CUSD 3,Valmeyer,Monroe,UNIT,SMALL,470.0,18.5,18.0,11.6,54.6,45.4,94.5,40753.39,84360.08,Monroe,30,Valmeyer CUSD 3,Valmeyer,538.4,502.8
450670040260000,District,Columbia CUSD 4,Columbia,Monroe,UNIT,LARGE,2012.0,12.3,22.0,16.4,40.9,59.1,91.8,51203.98,94307.37,Monroe,40,Columbia CUSD 4,Columbia,525.6,537.9
450670050260000,District,Waterloo CUSD 5,Waterloo,Monroe,UNIT,LARGE,2641.0,19.8,22.0,15.7,30.1,69.9,93.6,49490.77,99181.42,Monroe,50,Waterloo CUSD 5,Waterloo,544.2,540.8
450790010220000,District,Coulterville USD 1,Coulterville,Randolph,UNIT,SMALL,212.0,67.9,13.0,12.0,49.0,51.0,86.7,46656.92,83428.5,Randolph,10,Coulterville USD 1,Coulterville,454.7,457.6
450791320260000,District,Red Bud CUSD 132,Red Bud,Randolph,UNIT,MEDIUM,1014.0,41.9,21.0,13.5,44.5,54.1,92.5,50539.99,89991.09,Randolph,1320,Red Bud CUSD 132,Red Bud,484.2,454.7
450791380260000,District,Steeleville CUSD 138,Steeleville,Randolph,UNIT,SMALL,471.0,37.6,18.0,14.0,31.3,68.7,90.5,45316.32,100003.54,Randolph,1380,Steeleville CUSD 138,Steeleville,517.3,509.3
450791390260000,District,Chester CUSD 139,Chester,Randolph,UNIT,MEDIUM,992.0,50.4,21.0,15.5,36.8,63.2,89.3,48038.42,87251.7,Randolph,1390,Chester CUSD 139,Chester,466.7,454.7
450791400260000,District,Sparta CUSD 140,Sparta,Randolph,UNIT,MEDIUM,1229.0,53.9,19.0,12.0,45.5,54.5,86.9,44122.16,74271.23,Randolph,1400,Sparta CUSD 140,Sparta,455.1,422.1
470521700220000,District,Dixon USD 170,Dixon,Lee,UNIT,LARGE,2716.0,47.5,23.0,15.9,37.1,62.9,90.4,57753.09,97504.0,Lee,1700,Dixon USD 170,Dixon,494.4,489.1
470522710260000,District,Paw Paw CUSD 271,Paw Paw,Lee,UNIT,SMALL,196.0,35.7,15.0,9.4,53.1,46.9,80.8,41120.73,173108.0,Lee,2710,Paw Paw CUSD 271,Paw Paw,500.0,513.6
470522720260000,District,Amboy CUSD 272,Amboy,Lee,UNIT,MEDIUM,693.0,37.2,15.0,14.8,58.8,41.2,86.5,47435.98,105478.03,Lee,2720,Amboy CUSD 272,Amboy,484.0,474.2
470522750260000,District,Ashton-Franklin Center CUSD 275,Ashton,Lee,UNIT,MEDIUM,503.0,40.6,18.0,19.7,45.4,52.0,73.1,53041.58,116290.4,Lee,2750,Ashton-Franklin Center CUSD 275,Ashton,481.4,481.4
470712120170000,District,Rochelle Twp HSD 212,Rochelle,Ogle,HIGH SCHOOL,MEDIUM,912.0,22.0,17.0,16.2,26.8,71.5,86.4,68344.85,105574.83,Ogle,2120,Rochelle Twp HSD 212,Rochelle,492.9,476.5
470712200260000,District,Oregon CUSD 220,Oregon,Ogle,UNIT,MEDIUM,1427.0,45.1,20.0,13.8,45.3,54.7,83.8,59260.65,94657.48,Ogle,2200,Oregon CUSD 220,Oregon,488.7,471.9
470712210260000,District,Forrestville Valley CUSD 221,Forreston,Ogle,UNIT,MEDIUM,831.0,32.3,21.0,18.5,48.8,51.2,82.4,55493.51,93129.62,Ogle,2210,Forrestville Valley CUSD 221,Forreston,510.4,522.5
470712220260000,District,Polo CUSD 222,Polo,Ogle,UNIT,MEDIUM,578.0,46.5,16.0,14.5,39.0,58.8,84.4,51421.66,100755.0,Ogle,2220,Polo CUSD 222,Polo,494.9,501.8
470712230260000,District,Meridian CUSD 223,Stillman Valley,Ogle,UNIT,MEDIUM,1664.0,26.7,22.0,15.5,38.2,61.8,85.1,51416.06,97464.66,Ogle,2230,Meridian CUSD 223,Stillman Valley,531.6,506.0
470712260260000,District,Byron CUSD 226,Byron,Ogle,UNIT,MEDIUM,1545.0,20.6,21.0,16.1,32.8,67.2,87.7,74926.25,117416.78,Ogle,2260,Byron CUSD 226,Byron,539.6,522.9
470980010260000,District,Erie CUSD 1,Erie,Whiteside,UNIT,MEDIUM,649.0,28.8,15.0,16.4,42.5,57.5,92.9,64139.05,110476.17,Whiteside,10,Erie CUSD 1,Erie,516.8,513.4
470980020260000,District,River Bend CUSD 2,Fulton,Whiteside,UNIT,MEDIUM,952.0,37.2,21.0,18.0,53.5,46.5,89.7,49231.12,88076.8,Whiteside,20,River Bend CUSD 2,Fulton,491.7,474.0
470980030260000,District,Prophetstown-Lyndon-Tampico CUSD3,Prophetstown,Whiteside,UNIT,MEDIUM,841.0,50.7,16.0,15.5,53.5,46.5,83.0,43585.93,86706.16,Whiteside,30,Prophetstown-Lyndon-Tampico CUSD3,Prophetstown,476.7,460.7
470980050260000,District,Sterling CUSD 5,Sterling,Whiteside,UNIT,LARGE,3407.0,59.1,20.0,14.7,45.0,55.0,87.0,55541.53,92099.79,Whiteside,50,Sterling CUSD 5,Sterling,480.8,470.7
470980060260000,District,Morrison CUSD 6,Morrison,Whiteside,UNIT,MEDIUM,1007.0,36.9,13.0,13.7,38.7,61.3,84.6,52195.42,106201.62,Whiteside,60,Morrison CUSD 6,Morrison,496.0,496.3
470983010170000,District,Rock Falls Twp HSD 301,Rock Falls,Whiteside,HIGH SCHOOL,SMALL,649.0,49.9,22.0,16.6,29.3,70.7,92.9,67265.42,107760.55,Whiteside,3010,Rock Falls Twp HSD 301,Rock Falls,495.0,466.1
480721500250000,District,Peoria SD 150,Peoria,Peoria,UNIT,LARGE,13222.0,69.0,19.0,12.5,48.3,50.2,79.4,53029.76,91003.28,Peoria,1500,Peoria SD 150,Peoria,455.2,442.4
480722650260000,District,Farmington Central CUSD 265,Farmington,Peoria,UNIT,MEDIUM,1380.0,40.6,19.0,12.7,66.7,33.3,81.9,49084.02,78899.62,Peoria,2650,Farmington Central CUSD 265,Farmington,492.0,473.4
480723090260000,District,Brimfield CUSD 309,Brimfield,Peoria,UNIT,MEDIUM,701.0,18.4,20.0,14.0,49.0,51.0,92.1,52333.52,110464.5,Peoria,3090,Brimfield CUSD 309,Brimfield,534.9,528.8
480723100160000,District,Limestone CHSD 310,Peoria,Peoria,HIGH SCHOOL,MEDIUM,1093.0,43.0,18.0,13.3,46.9,48.8,92.2,60067.02,99682.8,Peoria,3100,Limestone CHSD 310,Peoria,495.0,473.4
480723210260000,District,Il Valley Central USD 321,Chillicothe,Peoria,UNIT,LARGE,2121.0,38.9,20.0,14.2,64.8,34.5,89.7,48018.14,87714.14,Peoria,3210,Il Valley Central USD 321,Chillicothe,509.8,495.5
480723220260000,District,Elmwood CUSD 322,Elmwood,Peoria,UNIT,MEDIUM,690.0,15.1,19.0,16.2,60.9,39.1,85.6,53191.04,98021.45,Peoria,3220,Elmwood CUSD 322,Elmwood,539.3,531.6
480723230260000,District,Dunlap CUSD 323,Peoria,Peoria,UNIT,LARGE,4487.0,13.0,24.0,12.1,47.6,52.4,86.2,53173.45,104303.26,Peoria,3230,Dunlap CUSD 323,Peoria,581.6,590.2
480723250260000,District,Peoria Heights CUSD 325,Peoria Heights,Peoria,UNIT,MEDIUM,768.0,65.9,20.0,13.2,65.8,34.2,84.5,46351.68,102460.33,Peoria,3250,Peoria Heights CUSD 325,Peoria Heights,487.7,446.6
480723260260000,District,Princeville CUSD 326,Princeville,Peoria,UNIT,MEDIUM,700.0,29.3,19.0,14.1,41.1,57.0,85.1,56550.05,99369.0,Peoria,3260,Princeville CUSD 326,Princeville,520.0,547.5
480723270260000,District,Illini Bluffs CUSD 327,Glasford,Peoria,UNIT,MEDIUM,926.0,28.0,18.0,13.0,58.7,41.3,88.5,45229.96,106440.28,Peoria,3270,Illini Bluffs CUSD 327,Glasford,511.8,510.3
490810300170000,District,United Twp HSD 30,East Moline,Rock Island,HIGH SCHOOL,MEDIUM,1700.0,62.4,13.0,14.2,49.2,44.3,90.0,64776.56,105072.49,Rock Island,300,United Twp HSD 30,East Moline,456.0,441.6
490810400220000,District,Moline-Coal Valley CUSD 40,Moline,Rock Island,UNIT,LARGE,7288.0,53.2,23.0,14.9,38.7,61.3,85.4,67671.86,111055.92,Rock Island,400,Moline-Coal Valley CUSD 40,Moline,485.3,479.2
490810410250000,District,Rock Island SD 41,Rock Island,Rock Island,UNIT,LARGE,6417.0,54.6,22.0,14.3,47.7,51.8,87.0,70774.76,106279.57,Rock Island,410,Rock Island SD 41,Rock Island,455.2,446.2
490811000260000,District,Riverdale CUSD 100,Port Byron,Rock Island,UNIT,MEDIUM,1172.0,22.8,23.0,14.0,67.1,31.5,91.9,49338.27,90777.31,Rock Island,1000,Riverdale CUSD 100,Port Byron,526.9,523.0
490812000260000,District,Sherrard CUSD 200,Sherrard,Rock Island,UNIT,MEDIUM,1464.0,28.6,16.0,12.8,51.5,48.5,85.3,45018.41,87326.52,Rock Island,2000,Sherrard CUSD 200,Sherrard,506.5,513.4
490813000260000,District,Rockridge CUSD 300,Taylor Ridge,Rock Island,UNIT,MEDIUM,1081.0,20.7,19.0,13.8,46.2,51.1,89.2,54914.65,103816.6,Rock Island,3000,Rockridge CUSD 300,Taylor Ridge,527.1,512.6
500820090260000,District,Lebanon CUSD 9,Lebanon,Saint Clair,UNIT,MEDIUM,571.0,41.3,15.0,17.0,57.9,41.5,89.4,55864.7,93616.6,Saint Clair,90,Lebanon CUSD 9,Lebanon,489.5,481.0
500820190260000,District,Mascoutah CUD 19,Mascoutah,Saint Clair,UNIT,LARGE,4037.0,22.2,22.0,13.0,37.7,62.3,88.3,51299.61,92161.25,Saint Clair,190,Mascoutah CUD 19,Mascoutah,544.0,525.4
500820400260000,District,Marissa CUSD 40,Marissa,Saint Clair,UNIT,MEDIUM,583.0,58.8,14.0,13.6,49.5,50.5,89.4,46599.9,90257.59,Saint Clair,400,Marissa CUSD 40,Marissa,460.8,460.2
500820600260000,District,New Athens CUSD 60,New Athens,Saint Clair,UNIT,MEDIUM,505.0,23.6,19.0,13.3,50.0,50.0,88.0,46410.77,92295.79,Saint Clair,600,New Athens CUSD 60,New Athens,493.1,473.1
500820770160000,District,Freeburg CHSD 77,Freeburg,Saint Clair,HIGH SCHOOL,SMALL,639.0,13.5,21.0,13.6,25.6,74.4,95.4,61427.73,93986.67,Saint Clair,770,Freeburg CHSD 77,Freeburg,521.6,512.5
500821870260000,District,Cahokia CUSD 187,Cahokia,Saint Clair,UNIT,LARGE,3433.0,88.5,23.0,15.1,52.7,46.0,80.6,60670.11,99262.57,Saint Clair,1870,Cahokia CUSD 187,Cahokia,418.4,391.8
500821880220000,District,Brooklyn UD 188,Lovejoy,Saint Clair,UNIT,SMALL,124.0,99.2,2.0,13.6,70.0,30.0,83.3,50134.85,113291.51,Saint Clair,1880,Brooklyn UD 188,Lovejoy,382.5,362.5
500821890220000,District,East St Louis SD 189,East Saint Louis,Saint Clair,UNIT,LARGE,5718.0,82.5,17.0,10.8,43.2,56.1,75.8,63392.77,97685.79,Saint Clair,1890,East St Louis SD 189,East Saint Louis,408.5,386.0
500821960260000,District,Dupo CUSD 196,Dupo,Saint Clair,UNIT,MEDIUM,1040.0,58.3,17.0,11.7,57.1,42.9,91.3,47795.87,96239.27,Saint Clair,1960,Dupo CUSD 196,Dupo,476.6,464.5
500822010170000,District,Belleville Twp HSD 201,Belleville,Saint Clair,HIGH SCHOOL,LARGE,4735.0,45.1,19.0,15.9,33.1,66.1,92.8,73644.55,108767.39,Saint Clair,2010,Belleville Twp HSD 201,Belleville,491.7,479.7
500822030170000,District,O Fallon Twp HSD 203,O Fallon,Saint Clair,HIGH SCHOOL,MEDIUM,2443.0,21.5,20.0,14.7,23.9,73.9,94.7,62382.4,111454.35,Saint Clair,2030,O Fallon Twp HSD 203,O Fallon,540.7,538.4
510652000260000,District,Greenview CUSD 200,Greenview,Menard,UNIT,SMALL,232.0,43.1,14.0,10.4,56.0,44.0,83.3,43397.09,86215.77,Menard,2000,Greenview CUSD 200,Greenview,450.7,422.9
510652020260000,District,Porta CUSD 202,Petersburg,Menard,UNIT,MEDIUM,1145.0,40.2,18.0,15.0,49.4,49.4,90.1,45559.48,98200.41,Menard,2020,Porta CUSD 202,Petersburg,493.4,461.2
510652130260000,District,Athens CUSD 213,Athens,Menard,UNIT,MEDIUM,1120.0,32.2,20.0,14.6,63.8,36.2,89.2,44857.12,100527.02,Menard,2130,Athens CUSD 213,Athens,522.3,509.1
510840010260000,District,Tri City CUSD 1,Buffalo,Sangamon,UNIT,MEDIUM,564.0,37.6,16.0,12.1,84.4,15.6,71.7,40704.82,93040.58,Sangamon,10,Tri City CUSD 1,Buffalo,487.1,490.0
510840050260000,District,Ball Chatham CUSD 5,Chatham,Sangamon,UNIT,LARGE,4809.0,20.1,23.0,13.4,54.9,44.7,87.6,50678.58,88093.0,Sangamon,50,Ball Chatham CUSD 5,Chatham,533.7,529.7
510840080260000,District,Pleasant Plains CUSD 8,Pleasant Plains,Sangamon,UNIT,MEDIUM,1269.0,10.9,23.0,15.9,61.9,38.1,91.5,65212.38,106814.27,Sangamon,80,Pleasant Plains CUSD 8,Pleasant Plains,532.2,525.1
510840100260000,District,Auburn CUSD 10,Auburn,Sangamon,UNIT,MEDIUM,1342.0,35.2,23.0,16.1,55.3,42.3,86.9,47109.33,95048.03,Sangamon,100,Auburn CUSD 10,Auburn,494.0,459.1
510840110260000,District,Pawnee CUSD 11,Pawnee,Sangamon,UNIT,MEDIUM,605.0,27.1,15.0,14.1,58.3,41.7,86.0,50809.36,93622.0,Sangamon,110,Pawnee CUSD 11,Pawnee,496.7,455.6
510840140260000,District,Riverton CUSD 14,Riverton,Sangamon,UNIT,MEDIUM,1387.0,53.1,19.0,12.4,63.1,36.9,81.9,51811.19,83681.25,Sangamon,140,Riverton CUSD 14,Riverton,502.2,497.6
510840150260000,District,Williamsville CUSD 15,Williamsville,Sangamon,UNIT,MEDIUM,1543.0,7.9,21.0,14.4,54.3,44.6,87.9,49179.93,104260.52,Sangamon,150,Williamsville CUSD 15,Williamsville,551.8,542.6
510840160260000,District,New Berlin CUSD 16,New Berlin,Sangamon,UNIT,MEDIUM,936.0,33.4,18.0,10.7,48.0,52.0,86.5,46047.91,97595.5,Sangamon,160,New Berlin CUSD 16,New Berlin,508.8,486.6
510841860250000,District,Springfield SD 186,Springfield,Sangamon,UNIT,LARGE,14295.0,67.5,20.0,14.6,47.2,52.6,89.9,59438.63,99802.81,Sangamon,1860,Springfield SD 186,Springfield,483.0,471.4
530601260260000,District,Havana CUSD 126,Havana,Mason,UNIT,MEDIUM,946.0,55.6,18.0,16.2,33.4,66.6,86.2,50463.47,91481.77,Mason,1260,Havana CUSD 126,Havana,500.6,480.0
530601890260000,District,Illini Central CUSD 189,Mason City,Mason,UNIT,MEDIUM,708.0,39.8,10.0,11.6,66.3,33.7,84.8,43717.74,78016.72,Mason,1890,Illini Central CUSD 189,Mason City,464.3,443.9
530601910260000,District,Midwest Central CUSD 191,Manito,Mason,UNIT,MEDIUM,942.0,55.0,16.0,14.4,56.8,43.2,86.6,51344.31,84981.21,Mason,1910,Midwest Central CUSD 191,Manito,495.0,463.0
530903030160000,District,Pekin CSD 303,Pekin,Tazewell,HIGH SCHOOL,MEDIUM,1849.0,42.9,19.0,10.9,55.7,41.4,85.0,48075.72,78343.07,Tazewell,3030,Pekin CSD 303,Pekin,487.4,494.2
530903080160000,District,Washington CHSD 308,Washington,Tazewell,HIGH SCHOOL,MEDIUM,1348.0,21.7,18.0,16.1,32.9,65.9,95.0,65180.25,95030.68,Tazewell,3080,Washington CHSD 308,Washington,527.8,527.8
530903090160000,District,East Peoria CHSD 309,East Peoria,Tazewell,HIGH SCHOOL,MEDIUM,988.0,51.0,14.0,13.4,32.5,67.5,91.8,55827.43,89211.5,Tazewell,3090,East Peoria CHSD 309,East Peoria,478.3,470.4
530907010260000,District,Deer Creek-Mackinaw CUSD 701,Mackinaw,Tazewell,UNIT,MEDIUM,1061.0,20.5,20.0,13.5,62.9,37.1,89.6,44838.98,86119.35,Tazewell,7010,Deer Creek-Mackinaw CUSD 701,Mackinaw,534.1,512.8
530907020260000,District,Tremont CUSD 702,Tremont,Tazewell,UNIT,MEDIUM,983.0,13.1,20.0,14.3,33.0,65.4,91.8,54632.97,92978.83,Tazewell,7020,Tremont CUSD 702,Tremont,533.8,522.0
530907030260000,District,Delavan CUSD 703,Delavan,Tazewell,UNIT,SMALL,472.0,37.9,15.0,10.7,63.0,37.0,87.3,42396.7,89413.33,Tazewell,7030,Delavan CUSD 703,Delavan,495.9,504.3
530907090260000,District,Morton CUSD 709,Morton,Tazewell,UNIT,LARGE,3073.0,14.9,23.0,13.8,40.3,59.7,90.2,54125.66,97428.88,Tazewell,7090,Morton CUSD 709,Morton,562.5,563.1
531020060260000,District,Fieldcrest CUSD 6,Minonk,Woodford,UNIT,MEDIUM,984.0,47.0,18.0,14.6,46.8,53.2,60.9,55323.73,90843.96,Woodford,60,Fieldcrest CUSD 6,Minonk,511.3,525.6
531020110260000,District,El Paso-Gridley CUSD 11,El Paso,Woodford,UNIT,MEDIUM,1227.0,37.7,18.0,16.3,46.6,53.4,78.4,52631.91,98400.73,Woodford,110,El Paso-Gridley CUSD 11,El Paso,537.4,490.4
531020210260000,District,Lowpoint-Washburn CUSD 21,Washburn,Woodford,UNIT,SMALL,339.0,50.7,14.0,16.9,64.3,32.1,87.4,47560.27,84744.22,Woodford,210,Lowpoint-Washburn CUSD 21,Washburn,486.2,454.3
531020600260000,District,Roanoke Benson CUSD 60,Roanoke,Woodford,UNIT,MEDIUM,503.0,23.7,17.0,16.3,50.1,49.9,93.6,55360.63,119677.67,Woodford,600,Roanoke Benson CUSD 60,Roanoke,520.0,527.4
531021220170000,District,County of Woodford School,Metamora,Woodford,HIGH SCHOOL,MEDIUM,989.0,17.3,23.0,16.4,33.3,65.1,92.9,68637.5,91870.2,Woodford,1220,County of Woodford School,Metamora,542.7,540.1
531021400260000,District,Eureka CUD 140,Eureka,Woodford,UNIT,MEDIUM,1583.0,22.0,20.0,15.7,36.3,62.7,90.6,57351.75,87885.64,Woodford,1400,Eureka CUD 140,Eureka,560.6,543.0
540920020260000,District,Westville CUSD 2,Westville,Vermilion,UNIT,MEDIUM,1316.0,59.9,19.0,12.3,70.3,29.7,81.6,43718.58,87848.24,Vermilion,20,Westville CUSD 2,Westville,459.9,455.5
540920040260000,District,Georgetown-Ridge Farm CUD 4,Georgetown,Vermilion,UNIT,MEDIUM,973.0,60.9,19.0,13.0,67.6,30.9,77.1,41828.1,74215.0,Vermilion,40,Georgetown-Ridge Farm CUD 4,Georgetown,471.4,453.4
540920070260000,District,Rossville-Alvin CUSD 7,Rossville,Vermilion,UNIT,SMALL,304.0,48.4,15.0,8.1,73.7,26.3,72.3,40634.91,97350.0,Vermilion,70,Rossville-Alvin CUSD 7,Rossville,385.0,400.0
540920110260000,District,Hoopeston Area CUSD 11,Hoopeston,Vermilion,UNIT,MEDIUM,1238.0,66.2,17.0,10.3,69.7,30.3,70.2,44369.44,75572.27,Vermilion,110,Hoopeston Area CUSD 11,Hoopeston,500.6,483.2
540920760260000,District,Oakwood CUSD 76,Oakwood,Vermilion,UNIT,MEDIUM,993.0,41.5,18.0,10.4,74.7,25.3,80.1,38067.23,74466.52,Vermilion,760,Oakwood CUSD 76,Oakwood,480.8,484.3
540921180240000,District,Danville CCSD 118,Danville,Vermilion,UNIT,LARGE,5631.0,68.7,19.0,12.8,51.5,48.5,79.5,54446.11,91382.86,Vermilion,1180,Danville CCSD 118,Danville,451.1,430.1
540922250170000,District,Armstrong Twp HSD 225,Armstrong,Vermilion,HIGH SCHOOL,SMALL,134.0,42.5,9.0,11.1,50.0,50.0,83.3,45280.39,91297.33,Vermilion,2250,Armstrong Twp HSD 225,Armstrong,486.9,477.4
540925120260000,District,Salt Fork Community Unit District  512,Catlin,Vermilion,UNIT,MEDIUM,907.0,42.7,19.0,15.3,58.9,41.1,89.6,49166.47,74706.32,Vermilion,5120,Salt Fork Community Unit District  512,Catlin,479.9,466.4
560992020220000,District,Plainfield SD 202,Plainfield,Will,UNIT,LARGE,27102.0,27.2,21.0,12.0,36.9,62.9,88.2,60503.68,96101.47,Will,2020,Plainfield SD 202,Plainfield,513.7,517.0
560992040170000,District,Joliet Twp HSD 204,Joliet,Will,HIGH SCHOOL,LARGE,6719.0,60.2,23.0,13.2,18.3,79.9,92.0,77322.46,114960.85,Will,2040,Joliet Twp HSD 204,Joliet,475.3,467.8
560992050170000,District,Lockport Twp HSD 205,Lockport,Will,HIGH SCHOOL,LARGE,3746.0,17.8,22.0,13.9,20.3,79.7,93.1,81610.73,125175.08,Will,2050,Lockport Twp HSD 205,Lockport,529.7,530.0
560992100160000,District,Lincoln Way CHSD 210,New Lenox,Will,HIGH SCHOOL,LARGE,7010.0,6.8,20.0,14.5,9.4,90.6,88.4,87160.6,121663.65,Will,2100,Lincoln Way CHSD 210,New Lenox,551.8,559.1
11012002C260000,District,Marshall CUSD 2C,Marshall,Clark,UNIT,MEDIUM,1306.0,37.3,16.0,14.1,62.0,36.9,90.5,35821.66,68181.98,Clark,002C,Marshall CUSD 2C,Marshall,499.9,496.8
11012003C260000,District,Martinsville CUSD 3C,Martinsville,Clark,UNIT,SMALL,416.0,59.6,15.0,13.8,79.1,20.9,79.5,38679.25,96472.66,Clark,003C,Martinsville CUSD 3C,Martinsville,460.7,445.9
11012004C260000,District,Casey-Westfield CUSD 4C,Casey,Clark,UNIT,MEDIUM,890.0,76.3,17.0,16.8,55.8,40.7,87.5,50516.64,89250.32,Clark,004C,Casey-Westfield CUSD 4C,Casey,472.4,487.9
11087003A260000,District,Cowden-Herrick CUSD 3A,Cowden,Shelby,UNIT,SMALL,356.0,66.3,14.0,13.8,73.5,26.5,91.9,41231.96,77262.0,Shelby,003A,Cowden-Herrick CUSD 3A,Cowden,508.5,483.0
11087005A260000,District,Stewardson-Strasburg CUD 5A,Strasburg,Shelby,UNIT,SMALL,355.0,36.1,17.0,12.2,61.9,38.1,88.9,44007.12,100250.0,Shelby,005A,Stewardson-Strasburg CUD 5A,Strasburg,488.1,473.8
17053006J260000,District,Tri Point CUSD 6-J,Kempton,Livingston,UNIT,SMALL,397.0,54.9,14.0,13.9,52.6,44.9,82.3,47687.96,99982.87,Livingston,006J,Tri Point CUSD 6-J,Kempton,475.8,457.1
51084003A260000,District,Rochester CUSD 3A,Rochester,Sangamon,UNIT,LARGE,2253.0,13.8,24.0,15.4,52.9,47.1,89.4,49273.35,89930.73,Sangamon,003A,Rochester CUSD 3A,Rochester,529.0,509.6
56099200U260000,District,Beecher CUSD 200U,Beecher,Will,UNIT,MEDIUM,1014.0,20.7,18.0,13.2,36.4,63.6,89.0,60866.54,93750.38,Will,200U,Beecher CUSD 200U,Beecher,494.4,479.0
56099201U260000,District,Crete Monee CUSD 201U,Crete,Will,UNIT,LARGE,4893.0,68.5,21.0,11.7,39.3,60.7,82.3,59303.62,105027.16,Will,201U,Crete Monee CUSD 201U,Crete,479.9,444.4
56099207U260000,District,Peotone CUSD 207U,Peotone,Will,UNIT,MEDIUM,1478.0,20.6,18.0,13.9,55.2,43.8,80.6,45051.57,91263.46,Will,207U,Peotone CUSD 207U,Peotone,513.0,492.7
56099209U260000,District,Wilmington CUSD 209U,Wilmington,Will,UNIT,MEDIUM,1355.0,42.0,20.0,11.9,47.9,49.9,88.6,47004.75,99781.38,Will,209U,Wilmington CUSD 209U,Wilmington,480.5,458.4
56099255U260000,District,Reed Custer CUSD 255U,Braidwood,Will,UNIT,MEDIUM,1500.0,38.7,21.0,13.5,31.3,68.7,83.5,57410.56,107871.6,Will,255U,Reed Custer CUSD 255U,Braidwood,479.1,483.8
56099365U260000,District,Valley View CUSD 365U,Romeoville,Will,UNIT,LARGE,16826.0,62.4,21.0,11.8,26.8,73.0,86.2,63055.67,92895.94,Will,365U,Valley View CUSD 365U,Romeoville,490.3,489.1
