RCDTS,Type,District,City,County,District Type,District Size,Student Enrollment - Total,Student Enrollment - Low Income %,Avg Class Size â€“ All Grades,Avg Teaching Exp,Bachelor Degree,Masters Degree ,Teacher Retention Rate,Teacher Avg Salary,Admin Avg Salary
010010010260000,District,Payson CUSD 1,Payson,Adams,UNIT,MEDIUM,559.0,48.8,17.0,11.5,56.3,43.8,92.9,36085.63,72141.72
010010020260000,District,Liberty CUSD 2,Liberty,Adams,UNIT,MEDIUM,602.0,24.9,20.0,13.5,41.9,58.1,91.5,41534.22,83605.24
010010030260000,District,Central CUSD 3,Camp Point,Adams,UNIT,MEDIUM,874.0,46.7,19.0,12.5,42.9,57.1,81.3,47686.51,75068.5
010010040260000,District,CUSD 4,Mendon,Adams,UNIT,MEDIUM,674.0,20.2,18.0,14.1,61.3,38.7,89.7,40254.81,83692.0
010011720220000,District,Quincy SD 172,Quincy,Adams,UNIT,LARGE,6469.0,60.7,18.0,12.0,56.9,42.6,73.6,45089.41,82764.57
010050010260000,District,Brown County CUSD 1,Mount Sterling,Brown,UNIT,MEDIUM,734.0,84.5,16.0,12.0,69.7,30.3,73.8,41230.67,85725.0
010090150260000,District,Beardstown CUSD 15,Beardstown,Cass,UNIT,MEDIUM,1582.0,70.7,16.0,11.6,63.0,36.0,75.5,43408.09,81832.66
010090640260000,District,Virginia CUSD 64,Virginia,Cass,UNIT,SMALL,301.0,53.5,14.0,11.2,57.2,42.8,72.4,45024.46,93545.0
010092620260000,District,A-C Central CUSD 262,Ashland,Cass,UNIT,SMALL,440.0,49.8,14.0,12.2,88.4,11.6,75.3,37318.09,92281.53
010690010260000,District,Franklin CUSD 1,Franklin,Morgan,UNIT,SMALL,305.0,30.5,16.0,15.3,62.2,37.8,90.9,41429.91,88952.22
010690060260000,District,Waverly CUSD 6,Waverly,Morgan,UNIT,SMALL,375.0,34.1,15.0,13.5,78.7,21.3,77.4,42622.41,85320.23
010690110260000,District,Meredosia-Chambersburg CUSD 11,Meredosia,Morgan,UNIT,SMALL,201.0,65.2,10.0,13.8,71.1,24.4,71.7,40834.29,89731.31
010690270260000,District,Triopia CUSD 27,Concord,Morgan,UNIT,SMALL,383.0,35.0,16.0,14.5,73.0,27.0,87.1,39891.9,81241.53
010691170220000,District,Jacksonville SD 117,Jacksonville,Morgan,UNIT,LARGE,3372.0,55.0,19.0,12.6,67.2,31.4,83.0,45656.01,88654.71
010750030260000,District,Pleasant Hill CUSD 3,Pleasant Hill,Pike,UNIT,SMALL,315.0,52.1,15.0,12.5,65.3,34.7,86.5,41951.27,83314.43
010750040260000,District,Griggsville-Perry CUSD 4,Griggsville,Pike,UNIT,SMALL,382.0,58.1,12.0,13.8,70.5,29.5,71.3,39176.46,78716.67
010750100260000,District,Pikeland CUSD 10,Pittsfield,Pike,UNIT,MEDIUM,1265.0,47.8,21.0,13.4,67.0,31.8,85.3,40363.74,73596.0
010750120260000,District,Western CUSD 12,Barry,Pike,UNIT,MEDIUM,573.0,59.7,19.0,12.8,53.6,46.4,76.4,42303.36,78043.4
010860010260000,District,Winchester CUSD 1,Winchester,Scott,UNIT,MEDIUM,614.0,47.2,15.0,13.2,72.5,25.5,82.7,40610.16,71511.91
010860020260000,District,Scott-Morgan CUSD 2,Bluffs,Scott,UNIT,SMALL,226.0,50.9,15.0,13.0,58.8,41.2,79.3,38743.44,95103.29
030030010260000,District,Mulberry Grove CUSD 1,Mulberry Grove,Bond,UNIT,SMALL,438.0,50.2,15.0,12.4,58.9,41.1,85.7,43598.08,78695.25
030030020260000,District,Bond County CUSD 2,Greenville,Bond,UNIT,LARGE,1831.0,45.8,21.0,14.9,41.5,58.1,89.8,54594.77,87221.33
030110010260000,District,Morrisonville CUSD 1,Morrisonville,Christian,UNIT,SMALL,335.0,36.1,16.0,11.2,74.7,21.4,82.2,46825.63,88205.86
030110030260000,District,Taylorville CUSD 3,Taylorville,Christian,UNIT,LARGE,2542.0,52.4,19.0,14.7,75.7,24.3,87.2,49821.37,95312.78
030110040260000,District,Edinburg CUSD 4,Edinburg,Christian,UNIT,SMALL,277.0,47.7,14.0,12.4,82.0,18.0,79.7,36795.2,89341.2
030110080260000,District,Pana CUSD 8,Pana,Christian,UNIT,MEDIUM,1305.0,63.0,21.0,15.5,71.3,28.7,88.5,50706.35,98781.79
030110140240000,District,South Fork SD 14,Kincaid,Christian,UNIT,SMALL,331.0,60.4,15.0,13.5,66.8,33.2,79.7,39544.61,66587.78
030250100260000,District,Altamont CUSD 10,Altamont,Effingham,UNIT,MEDIUM,647.0,54.3,17.0,17.5,61.9,38.1,88.8,51273.52,84903.54
030250200260000,District,Beecher City CUSD 20,Beecher City,Effingham,UNIT,SMALL,295.0,42.7,15.0,18.2,57.7,42.3,94.7,53339.21,101116.95
030250300260000,District,Dieterich CUSD 30,Dieterich,Effingham,UNIT,MEDIUM,512.0,28.7,17.0,16.4,63.9,36.1,91.3,47665.62,87473.33
030250400260000,District,Effingham CUSD 40,Effingham,Effingham,UNIT,LARGE,2510.0,46.0,19.0,14.9,53.7,46.3,91.2,49808.15,102713.53
030250500260000,District,Teutopolis CUSD 50,Teutopolis,Effingham,UNIT,MEDIUM,1061.0,9.7,21.0,17.9,63.1,36.9,90.2,52471.3,100144.25
030262010260000,District,Brownstown CUSD 201,Brownstown,Fayette,UNIT,SMALL,376.0,51.1,17.0,15.7,46.9,53.1,91.8,45927.87,70000.0
030262020260000,District,St Elmo CUSD 202,Saint Elmo,Fayette,UNIT,SMALL,441.0,51.5,16.0,16.3,75.4,24.6,87.8,58243.62,111267.13
030262030260000,District,Vandalia CUSD 203,Vandalia,Fayette,UNIT,MEDIUM,1460.0,59.5,20.0,14.8,48.5,51.5,87.1,58321.98,112386.03
030262040260000,District,Ramsey CUSD 204,Ramsey,Fayette,UNIT,SMALL,445.0,50.6,15.0,12.8,68.6,31.4,84.9,43207.37,78720.99
030680020260000,District,Panhandle CUSD 2,Raymond,Montgomery,UNIT,MEDIUM,491.0,47.7,16.0,17.5,59.1,40.9,92.0,52865.42,81024.67
030680030260000,District,Hillsboro CUSD 3,Hillsboro,Montgomery,UNIT,MEDIUM,1687.0,50.9,19.0,15.7,51.0,49.0,90.7,55201.67,86434.78
030680120260000,District,Litchfield CUSD 12,Litchfield,Montgomery,UNIT,MEDIUM,1433.0,55.3,19.0,13.6,59.7,40.3,86.5,59242.9,102934.14
030680220260000,District,Nokomis CUSD 22,Nokomis,Montgomery,UNIT,MEDIUM,631.0,44.1,17.0,13.4,65.7,34.3,91.7,41893.15,84599.0
040041000260000,District,Belvidere CUSD 100,Belvidere,Boone,UNIT,LARGE,8003.0,44.6,22.0,11.6,36.9,62.9,88.3,59149.16,93921.76
040042000260000,District,North Boone CUSD 200,Poplar Grove,Boone,UNIT,MEDIUM,1635.0,36.8,19.0,10.8,52.5,47.5,83.5,54835.87,98496.4
041011220220000,District,Harlem UD 122,Machesney Park,Winnebago,UNIT,LARGE,6544.0,58.2,21.0,13.7,35.4,64.2,88.4,65387.99,106559.86
041012050250000,District,Rockford SD 205,Rockford,Winnebago,UNIT,LARGE,28144.0,53.5,23.0,13.2,37.4,62.2,82.6,61640.59,88511.92
041012070160000,District,Hononegah CHD 207,Rockton,Winnebago,HIGH SCHOOL,MEDIUM,2010.0,21.4,23.0,15.6,16.4,83.6,94.2,74676.03,105604.87
041013200260000,District,County of Winnebago SD 320,South Beloit,Winnebago,UNIT,MEDIUM,968.0,64.4,15.0,10.7,62.0,38.0,82.9,50163.38,90178.74
041013210260000,District,Pecatonica CUSD 321,Pecatonica,Winnebago,UNIT,MEDIUM,873.0,15.9,17.0,14.0,45.7,54.3,92.4,47763.58,106597.97
041013220260000,District,Durand CUSD 322,Durand,Winnebago,UNIT,MEDIUM,610.0,30.8,17.0,13.9,35.9,64.1,89.3,50883.24,86765.2
041013230260000,District,Winnebago CUSD 323,Winnebago,Winnebago,UNIT,MEDIUM,1371.0,23.5,20.0,13.0,41.5,58.5,91.6,51891.99,81463.14
050162020170000,District,Evanston Twp HSD 202,Evanston,Cook,HIGH SCHOOL,MEDIUM,3547.0,38.5,19.0,13.3,22.2,77.5,91.5,99441.41,147069.13
050162030170000,District,New Trier Twp HSD 203,Northfield,Cook,HIGH SCHOOL,LARGE,3968.0,3.7,22.0,16.6,5.2,94.8,91.3,114323.48,175359.08
050162070170000,District,Maine Township HSD 207,Park Ridge,Cook,HIGH SCHOOL,LARGE,6370.0,27.0,21.0,18.2,19.1,80.4,92.0,114773.46,127447.34
050162110170000,District,Township HSD 211,Palatine,Cook,HIGH SCHOOL,LARGE,11841.0,35.5,21.0,14.7,17.1,82.9,94.2,99473.85,140753.85
050162140170000,District,Township HSD 214,Arlington Heights,Cook,HIGH SCHOOL,LARGE,12029.0,20.4,21.0,16.2,12.2,87.7,96.1,106043.67,142741.85
050162190170000,District,Niles Twp HSD 219,Skokie,Cook,HIGH SCHOOL,LARGE,4594.0,31.1,19.0,16.7,13.9,86.1,92.8,113327.81,131354.66
050162250170000,District,Northfield Twp HSD 225,Glenview,Cook,HIGH SCHOOL,LARGE,5172.0,14.5,21.0,15.3,24.2,75.8,91.3,112287.59,158779.59
060162000130000,District,Oak Park - River Forest SD 200,Oak Park,Cook,HIGH SCHOOL,MEDIUM,3415.0,21.6,18.0,14.1,12.6,87.4,93.3,104014.89,141189.05
060162010170000,District,J S Morton HSD 201,Cicero,Cook,HIGH SCHOOL,LARGE,8287.0,87.8,23.0,15.0,36.6,63.4,92.3,83141.72,102030.87
060162040170000,District,Lyons Twp HSD 204,La Grange,Cook,HIGH SCHOOL,LARGE,4072.0,12.6,24.0,15.7,10.8,89.2,96.6,109138.91,147032.95
060162080170000,District,Riverside-Brookfield Twp SD 208,Riverside,Cook,HIGH SCHOOL,MEDIUM,1632.0,14.2,23.0,13.9,25.6,74.4,96.0,96486.25,121483.4
060162090170000,District,Proviso Twp HSD 209,Forest Park,Cook,HIGH SCHOOL,LARGE,4454.0,30.2,19.0,12.8,24.3,74.5,80.8,65805.64,112750.0
060162120160000,District,Leyden CHSD 212,Franklin Park,Cook,HIGH SCHOOL,MEDIUM,3457.0,55.9,20.0,15.5,13.4,86.6,93.1,87960.34,126055.03
060162340160000,District,Ridgewood CHSD 234,Norridge,Cook,HIGH SCHOOL,MEDIUM,872.0,25.2,17.0,11.5,37.8,62.2,86.4,76048.18,118347.52
060164010260000,District,Elmwood Park CUSD 401,Elmwood Park,Cook,UNIT,LARGE,2862.0,45.5,23.0,13.5,29.7,70.3,89.6,80881.15,109889.01
070162050170000,District,Thornton Twp HSD 205,South Holland,Cook,HIGH SCHOOL,LARGE,5140.0,58.0,16.0,13.5,23.1,76.1,86.0,78873.46,108552.55
070162060170000,District,Bloom Twp HSD 206,Chicago Heights,Cook,HIGH SCHOOL,MEDIUM,3075.0,82.5,19.0,13.5,25.4,72.8,87.9,74325.79,106166.89
070162100170000,District,Lemont Twp HSD 210,Lemont,Cook,HIGH SCHOOL,MEDIUM,1418.0,13.5,21.0,15.4,18.3,81.7,95.1,77057.54,128155.89
070162150170000,District,Thornton Fractional Twp HSD 215,Lansing,Cook,HIGH SCHOOL,MEDIUM,3438.0,97.0,21.0,15.0,17.8,80.7,90.6,96045.2,127435.56
070162170160000,District,Argo CHSD 217,Summit,Cook,HIGH SCHOOL,MEDIUM,1944.0,65.1,23.0,13.4,17.8,81.4,93.8,96331.71,121113.9
070162180160000,District,CHSD 218,Oak Lawn,Cook,HIGH SCHOOL,LARGE,5405.0,69.0,19.0,13.8,9.0,90.7,93.5,92368.63,119987.04
070162200170000,District,Reavis Twp HSD 220,Burbank,Cook,HIGH SCHOOL,MEDIUM,1823.0,51.3,21.0,14.8,13.3,86.7,93.4,96026.1,149473.93
070162270170000,District,Rich Twp HSD 227,Matteson,Cook,HIGH SCHOOL,MEDIUM,3001.0,81.3,12.0,12.9,29.5,69.1,78.7,74862.72,106322.0
070162280160000,District,Bremen CHSD 228,Midlothian,Cook,HIGH SCHOOL,LARGE,5089.0,34.3,22.0,14.6,25.6,74.0,92.7,90412.66,135906.32
070162290160000,District,Oak Lawn CHSD 229,Oak Lawn,Cook,HIGH SCHOOL,MEDIUM,1838.0,36.3,22.0,14.1,32.4,67.6,93.4,90118.85,131656.0
070162300130000,District,Cons HSD 230,Orland Park,Cook,HIGH SCHOOL,LARGE,7397.0,19.1,17.0,15.5,7.8,92.2,95.3,89664.62,121902.17
070162310160000,District,Evergreen Park CHSD 231,Evergreen Park,Cook,HIGH SCHOOL,MEDIUM,844.0,26.4,19.0,14.8,21.0,79.0,89.6,82705.7,142003.32
070162330160000,District,Homewood Flossmoor CHSD 233,Flossmoor,Cook,HIGH SCHOOL,MEDIUM,2814.0,22.3,14.0,13.2,22.6,76.9,90.8,88171.83,150844.41
070169010250000,District,Southland College Prep Charter High School,Richton Park,Cook,HIGH SCHOOL,SMALL,533.0,43.7,21.0,7.4,57.4,40.2,81.6,60153.82,123273.26
080083080260000,District,Eastland CUSD 308,Lanark,Carroll,UNIT,MEDIUM,649.0,39.1,20.0,13.0,47.2,52.8,83.7,52704.92,108503.83
080083140260000,District,West Carroll CUSD 314,Mount Carroll,Carroll,UNIT,MEDIUM,1113.0,49.9,18.0,16.5,53.5,46.5,86.8,48061.78,78080.0
080083990260000,District,Chadwick-Milledgeville CUSD 399,Chadwick,Carroll,UNIT,MEDIUM,470.0,28.5,13.0,15.1,59.3,40.7,88.9,50321.25,98303.5
080431190220000,District,East Dubuque USD 119,East Dubuque,Jo Daviess,UNIT,MEDIUM,684.0,25.3,18.0,11.0,73.4,26.6,81.9,36048.25,93781.25
080431200220000,District,Galena USD 120,Galena,Jo Daviess,UNIT,MEDIUM,834.0,34.1,17.0,13.2,34.3,65.7,93.1,59458.05,99899.43
080432050260000,District,Warren CUSD 205,Warren,Jo Daviess,UNIT,SMALL,407.0,30.7,9.0,15.4,68.0,32.0,87.4,45077.96,91134.29
080432060260000,District,Stockton CUSD 206,Stockton,Jo Daviess,UNIT,MEDIUM,613.0,39.2,21.0,17.1,46.3,53.7,93.9,56765.81,82892.85
080432100260000,District,River Ridge CUSD 210,Hanover,Jo Daviess,UNIT,MEDIUM,511.0,43.6,14.0,17.5,28.9,71.1,99.0,69799.79,109081.4
080432110260000,District,Scales Mound CUSD 211,Scales Mound,Jo Daviess,UNIT,SMALL,253.0,24.5,12.0,16.3,52.8,47.2,93.8,62153.0,109877.29
080891450220000,District,Freeport SD 145,Freeport,Stephenson,UNIT,LARGE,3957.0,64.5,17.0,11.8,46.1,52.7,76.4,48507.73,90527.24
080892000260000,District,Pearl City CUSD 200,Pearl City,Stephenson,UNIT,SMALL,448.0,34.8,5.0,15.7,46.2,53.8,94.4,47813.59,100182.38
080892010260000,District,Dakota CUSD 201,Dakota,Stephenson,UNIT,MEDIUM,814.0,30.8,20.0,16.5,39.8,60.2,88.6,54698.73,91096.98
080892020260000,District,Lena Winslow CUSD 202,Lena,Stephenson,UNIT,MEDIUM,831.0,36.0,17.0,14.7,46.4,51.9,89.0,45174.99,95704.26
080892030260000,District,Orangeville CUSD 203,Orangeville,Stephenson,UNIT,SMALL,329.0,26.1,13.0,12.0,76.4,23.6,76.9,51298.62,109749.45
090100010260000,District,Fisher CUSD 1,Fisher,Champaign,UNIT,MEDIUM,622.0,29.6,20.0,13.9,58.0,39.8,85.6,47033.77,89531.89
090100030260000,District,Mahomet-Seymour CUSD 3,Mahomet,Champaign,UNIT,LARGE,3113.0,19.2,22.0,14.4,48.0,52.0,89.3,53884.57,100935.29
090100040260000,District,Champaign CUSD 4,Champaign,Champaign,UNIT,LARGE,10014.0,54.1,19.0,10.2,46.2,53.7,82.3,51819.69,89939.01
090100070260000,District,Tolono CUSD 7,Tolono,Champaign,UNIT,MEDIUM,1648.0,28.3,22.0,13.0,55.1,44.9,85.0,45800.04,100790.33
090100080260000,District,Heritage CUSD 8,Homer,Champaign,UNIT,SMALL,481.0,42.0,14.0,14.0,76.4,23.6,87.1,49724.29,105714.64
090101160220000,District,Urbana SD 116,Urbana,Champaign,UNIT,LARGE,4590.0,70.4,17.0,10.8,49.3,50.2,81.5,53481.51,101981.41
090101930170000,District,Rantoul Township HSD 193,Rantoul,Champaign,HIGH SCHOOL,MEDIUM,753.0,67.1,16.0,9.8,53.4,46.6,81.7,46723.63,86848.35
090103050160000,District,St Joseph Ogden CHSD 305,Saint Joseph,Champaign,HIGH SCHOOL,SMALL,468.0,6.6,20.0,13.5,48.2,51.8,93.1,43630.74,98092.33
090270050260000,District,Gibson City-Melvin-Sibley CUSD 5,Gibson City,Ford,UNIT,MEDIUM,1010.0,37.8,15.0,13.2,61.9,38.1,89.4,50052.04,110113.51
090270100260000,District,Paxton-Buckley-Loda CUD 10,Paxton,Ford,UNIT,MEDIUM,1356.0,47.3,16.0,13.2,51.5,48.5,86.0,44148.64,96122.29
110150010260000,District,Charleston CUSD 1,Charleston,Coles,UNIT,LARGE,2757.0,45.0,22.0,12.9,47.8,52.2,86.3,45248.85,90255.44
110150020260000,District,Mattoon CUSD 2,Mattoon,Coles,UNIT,LARGE,3403.0,56.1,19.0,14.0,41.5,58.5,85.9,54522.42,106091.57
110150050260000,District,Oakland CUSD 5,Oakland,Coles,UNIT,SMALL,265.0,49.8,14.0,11.1,57.7,42.3,82.1,43154.52,72587.67
110180030260000,District,Neoga CUSD 3,Neoga,Cumberland,UNIT,MEDIUM,597.0,47.2,16.0,15.1,59.8,40.2,79.0,48952.44,85628.25
110180770260000,District,Cumberland CUSD 77,Toledo,Cumberland,UNIT,MEDIUM,1056.0,40.1,20.0,13.4,53.1,45.3,85.6,52443.46,85349.25
110213010260000,District,Tuscola CUSD 301,Tuscola,Douglas,UNIT,MEDIUM,938.0,35.5,17.0,15.2,45.0,55.0,85.2,46544.66,95670.46
110213020260000,District,Villa Grove CUSD 302,Villa Grove,Douglas,UNIT,MEDIUM,656.0,46.2,20.0,12.7,65.9,34.1,79.1,37695.93,73066.83
110213050260000,District,Arthur CUSD 305,Arthur,Douglas,UNIT,MEDIUM,1236.0,45.5,17.0,13.3,71.2,28.8,82.4,45321.53,80845.86
110213060260000,District,Arcola CUSD 306,Arcola,Douglas,UNIT,MEDIUM,716.0,48.2,16.0,11.0,73.1,26.9,78.4,43612.37,108367.25
110230010260000,District,Shiloh CUSD 1,Hume,Edgar,UNIT,SMALL,399.0,48.9,14.0,13.3,73.4,26.6,56.0,45130.87,101938.0
110230030260000,District,Kansas CUSD 3,Kansas,Edgar,UNIT,SMALL,214.0,54.7,14.0,15.0,60.0,40.0,58.5,48495.08,63183.17
110230040260000,District,Paris CUSD 4,Paris,Edgar,UNIT,SMALL,453.0,33.3,24.0,13.0,58.0,42.0,77.0,41621.64,88365.0
110230060260000,District,Edgar County CUD 6,Chrisman,Edgar,UNIT,SMALL,318.0,39.6,12.0,12.6,87.8,12.2,73.3,37649.62,67695.36
110230950250000,District,Paris-Union SD 95,Paris,Edgar,UNIT,MEDIUM,978.0,59.8,21.0,14.1,49.2,50.8,93.9,47792.86,89265.67
110703000260000,District,Sullivan CUSD 300,Sullivan,Moultrie,UNIT,MEDIUM,1175.0,44.9,22.0,13.3,65.5,34.5,85.1,44853.37,82947.7
110703020260000,District,Okaw Valley CUSD 302,Bethany,Moultrie,UNIT,MEDIUM,507.0,46.0,14.0,12.8,87.3,12.7,86.2,36842.13,79159.93
110870010260000,District,Windsor CUSD 1,Windsor,Shelby,UNIT,SMALL,372.0,39.2,13.0,13.1,65.1,34.9,84.3,44510.81,97512.5
110870040260000,District,Shelbyville CUSD 4,Shelbyville,Shelby,UNIT,MEDIUM,1205.0,44.1,20.0,14.0,60.4,39.6,90.9,49766.89,90574.23
110870210260000,District,Central A & M CUD 21,Assumption,Shelby,UNIT,MEDIUM,714.0,41.2,14.0,15.9,57.8,42.2,82.6,50654.49,82247.37
120130100260000,District,Clay City CUSD 10,Clay City,Clay,UNIT,SMALL,328.0,63.4,24.0,9.2,70.1,29.9,68.6,41873.18,102824.0
120130250260000,District,North Clay CUSD 25,Louisville,Clay,UNIT,MEDIUM,640.0,48.3,20.0,11.9,75.2,24.8,92.1,41246.51,75575.4
120130350260000,District,Flora CUSD 35,Flora,Clay,UNIT,MEDIUM,1394.0,51.4,22.0,14.0,63.3,36.7,91.5,48860.76,81713.17
120170010260000,District,Hutsonville CUSD 1,Hutsonville,Crawford,UNIT,SMALL,346.0,49.1,15.0,11.0,60.1,39.9,70.7,36088.16,83387.55
120170020260000,District,Robinson CUSD 2,Robinson,Crawford,UNIT,MEDIUM,1595.0,44.7,22.0,15.5,55.7,42.4,89.1,49626.1,103637.0
120170030260000,District,Palestine CUSD 3,Palestine,Crawford,UNIT,SMALL,304.0,40.1,14.0,14.3,62.3,37.7,88.9,42902.04,71493.01
120170040260000,District,Oblong CUSD 4,Oblong,Crawford,UNIT,MEDIUM,612.0,45.8,23.0,15.8,51.1,48.9,86.2,43027.19,84461.67
120400010260000,District,Jasper County CUD 1,Newton,Jasper,UNIT,MEDIUM,1330.0,40.3,24.0,14.8,50.6,49.4,84.5,51987.7,91175.91
120510100260000,District,Red Hill CUSD 10,Bridgeport,Lawrence,UNIT,MEDIUM,968.0,59.5,21.0,12.0,87.0,13.0,88.5,45021.18,75187.62
120510200260000,District,Lawrence County CUD 20,Lawrenceville,Lawrence,UNIT,MEDIUM,1210.0,55.0,17.0,12.2,74.9,23.0,88.0,38138.13,61449.36
120800010260000,District,Richland County CUSD 1,Olney,Richland,UNIT,LARGE,2390.0,53.6,22.0,17.7,51.5,48.5,93.2,50034.5,95852.14
130140010260000,District,Carlyle CUSD 1,Carlyle,Clinton,UNIT,MEDIUM,1074.0,44.7,19.0,14.8,60.3,39.7,88.7,54840.83,111687.76
130140030260000,District,Wesclin CUSD 3,Trenton,Clinton,UNIT,MEDIUM,1373.0,36.1,21.0,17.4,35.4,64.6,93.3,66163.64,115865.51
130140710160000,District,Central CHSD 71,Breese,Clinton,HIGH SCHOOL,SMALL,597.0,23.3,19.0,14.7,34.2,65.8,94.6,61498.84,132884.5
130410010260000,District,Waltonville CUSD 1,Waltonville,Jefferson,UNIT,SMALL,371.0,39.9,14.0,14.6,54.5,45.5,79.1,44669.76,60004.2
130412010170000,District,Mt Vernon Twp HSD 201,Mount Vernon,Jefferson,HIGH SCHOOL,MEDIUM,1169.0,54.1,18.0,14.7,44.2,52.5,80.4,50623.69,89096.86
130412090270000,District,Woodlawn Unit School District 209,Woodlawn,Jefferson,UNIT,MEDIUM,508.0,39.8,16.0,16.3,48.7,51.3,88.3,52534.67,93050.33
130413180270000,District,Bluford Unit School District 318,Bluford,Jefferson,UNIT,SMALL,386.0,41.2,20.0,16.3,49.7,50.3,84.4,43912.36,47470.67
130581000260000,District,Patoka CUSD 100,Patoka,Marion,UNIT,SMALL,244.0,52.0,13.0,13.8,63.2,36.8,89.6,50518.41,93874.68
130582000170000,District,Centralia HSD 200,Centralia,Marion,HIGH SCHOOL,MEDIUM,908.0,58.3,18.0,12.5,46.9,48.4,93.3,52244.31,101117.0
130584010260000,District,South Central CUD 401,Kinmundy,Marion,UNIT,MEDIUM,657.0,46.1,17.0,12.8,73.1,26.9,88.5,42241.4,84106.5
130585010260000,District,Sandoval CUSD 501,Sandoval,Marion,UNIT,SMALL,487.0,77.8,18.0,10.3,59.4,40.6,75.7,39567.06,86030.92
130586000160000,District,Salem CHSD 600,Salem,Marion,HIGH SCHOOL,MEDIUM,694.0,48.8,17.0,15.5,51.4,46.2,82.5,52550.14,86057.93
130587220260000,District,Odin PSD 722,Odin,Marion,UNIT,SMALL,272.0,76.5,18.0,7.9,87.5,8.3,66.7,40358.02,79025.33
130950100260000,District,West Washington Co CUD 10,Okawville,Washington,UNIT,MEDIUM,557.0,31.4,17.0,13.5,58.5,41.5,90.1,43455.93,90176.87
130950990160000,District,Nashville CHSD 99,Nashville,Washington,HIGH SCHOOL,SMALL,430.0,32.1,19.0,14.8,31.8,68.2,94.7,67548.66,65017.47
150162990250000,District,City of Chicago SD 299,Chicago,Cook,UNIT,LARGE,372214.0,82.6,18.0,12.1,37.7,61.2,76.9,73660.59,112008.7
150169000250000,District,Horizon Science Acad-McKinley Park Charter Sch,Chicago,Cook,UNIT,MEDIUM,790.0,64.6,24.0,3.2,74.4,22.2,77.4,46101.7,62300.0
150169020250000,District,Amandla Charter School,Chicago,Cook,HIGH SCHOOL,SMALL,245.0,87.8,18.0,7.3,35.4,64.6,69.2,54043.21,110608.03
160194240260000,District,Genoa Kingston CUSD 424,Genoa,Dekalb,UNIT,MEDIUM,1671.0,35.8,24.0,13.4,29.1,70.9,76.5,56848.96,101696.07
160194250260000,District,Indian Creek CUSD 425,Shabbona,Dekalb,UNIT,MEDIUM,696.0,29.6,18.0,14.5,53.8,46.2,89.3,53738.26,98031.68
160194260260000,District,Hiawatha CUSD 426,Kirkland,Dekalb,UNIT,MEDIUM,515.0,36.3,16.0,10.3,72.2,27.8,82.0,43107.12,100486.5
160194270260000,District,Sycamore CUSD 427,Sycamore,Dekalb,UNIT,LARGE,3732.0,22.8,24.0,13.8,25.0,75.0,92.0,63529.58,104186.56
160194280260000,District,DeKalb CUSD 428,DeKalb,Dekalb,UNIT,LARGE,6598.0,58.8,22.0,11.8,45.6,54.2,84.6,62235.12,97351.17
160194290260000,District,Hinckley Big Rock CUSD 429,Hinckley,Dekalb,UNIT,MEDIUM,667.0,5.4,18.0,11.9,43.7,56.3,92.6,52331.7,102800.86
160194300260000,District,Sandwich CUSD 430,Sandwich,Dekalb,UNIT,LARGE,2069.0,37.6,20.0,15.6,24.3,75.7,91.2,62446.77,108497.59
160194320260000,District,Somonauk CUSD 432,Somonauk,Dekalb,UNIT,MEDIUM,815.0,27.5,21.0,14.2,47.7,52.3,92.5,51857.2,94186.73
170200150260000,District,Clinton CUSD 15,Clinton,Dewitt,UNIT,LARGE,1870.0,47.1,19.0,13.9,63.4,35.8,89.5,51607.8,89602.0
170200180260000,District,Blue Ridge CUSD 18,Farmer City,Dewitt,UNIT,MEDIUM,745.0,47.1,16.0,13.8,70.1,29.9,89.2,47031.41,90614.64
170530050260000,District,Woodland CUSD 5,Streator,Livingston,UNIT,MEDIUM,520.0,33.3,16.0,14.5,65.8,34.2,89.2,50461.98,81776.67
170530080260000,District,Prairie Central CUSD 8,Fairbury,Livingston,UNIT,LARGE,1905.0,44.1,19.0,13.9,39.3,60.7,80.9,60444.99,78289.95
170530740270000,District,Flanagan-Cornell Dist 74,Flanagan,Livingston,UNIT,SMALL,375.0,40.3,16.0,12.9,62.7,37.3,86.0,48019.16,116855.0
170530900170000,District,Pontiac Twp HSD 90,Pontiac,Livingston,HIGH SCHOOL,MEDIUM,651.0,41.5,18.0,14.4,34.9,59.8,91.9,69980.36,102169.0
170532300170000,District,Dwight Twp HSD 230,Dwight,Livingston,HIGH SCHOOL,SMALL,253.0,35.2,14.0,12.3,30.4,69.6,82.9,54435.48,112183.46
170540210260000,District,Hartsburg Emden CUSD 21,Hartsburg,Logan,UNIT,SMALL,202.0,42.6,13.0,10.7,71.8,28.2,88.7,39413.16,85750.0
170540230260000,District,Mt Pulaski CUSD 23,Mount Pulaski,Logan,UNIT,MEDIUM,514.0,39.5,17.0,16.4,57.9,42.1,92.6,57483.21,107236.81
170544040160000,District,Lincoln CHSD 404,Lincoln,Logan,HIGH SCHOOL,MEDIUM,826.0,44.8,17.0,14.1,48.4,47.9,92.5,52354.14,111449.42
170640020260000,District,LeRoy CUSD 2,Le Roy,McLean,UNIT,MEDIUM,793.0,27.5,17.0,14.6,52.1,47.9,92.9,51776.2,102763.18
170640030260000,District,Tri Valley CUSD 3,Downs,McLean,UNIT,MEDIUM,1109.0,9.6,21.0,14.3,55.8,44.2,85.4,57840.69,96290.8
170640040260000,District,Heyworth CUSD 4,Heyworth,McLean,UNIT,MEDIUM,937.0,27.2,24.0,14.6,56.3,43.7,89.4,62805.83,105905.45
170640050260000,District,McLean County USD 5,Normal,McLean,UNIT,LARGE,13346.0,32.8,24.0,14.2,53.1,46.7,90.7,58653.36,86485.19
170640070260000,District,Lexington CUSD 7,Lexington,McLean,UNIT,SMALL,504.0,27.8,18.0,15.5,58.8,41.2,89.8,53869.63,88936.33
170640160260000,District,Olympia CUSD 16,Stanford,McLean,UNIT,LARGE,1847.0,38.5,22.0,13.6,75.7,24.3,87.2,48176.62,89155.12
170640190260000,District,Ridgeview CUSD 19,Colfax,McLean,UNIT,MEDIUM,590.0,41.9,19.0,13.1,70.2,29.8,84.0,52770.5,93397.55
170640870250000,District,Bloomington SD 87,Bloomington,McLean,UNIT,LARGE,5315.0,55.5,23.0,14.0,50.2,49.6,91.5,61008.93,96632.72
190220860170000,District,Hinsdale Twp HSD 86,Hinsdale,Dupage,HIGH SCHOOL,LARGE,4358.0,14.0,19.0,14.3,23.6,76.4,91.0,101099.84,124799.09
190220870170000,District,Glenbard Twp HSD 87,Glen Ellyn,Dupage,HIGH SCHOOL,LARGE,8137.0,32.2,20.0,17.3,12.5,87.3,96.2,105884.4,124702.42
190220880160000,District,DuPage HSD 88,Addison,Dupage,HIGH SCHOOL,LARGE,3947.0,49.9,20.0,14.6,12.7,87.3,95.0,97646.03,128591.17
190220940160000,District,CHSD 94,West Chicago,Dupage,HIGH SCHOOL,MEDIUM,2101.0,30.1,22.0,13.0,33.8,66.2,92.2,67239.72,107107.53
190220990160000,District,CHSD 99,Downers Grove,Dupage,HIGH SCHOOL,LARGE,4948.0,22.4,17.0,15.1,15.0,85.0,95.7,92761.31,122176.77
190221000160000,District,Fenton CHSD 100,Bensenville,Dupage,HIGH SCHOOL,MEDIUM,1493.0,51.0,19.0,15.1,16.7,83.3,93.1,103826.55,124857.89
190221080160000,District,Lake Park CHSD 108,Roselle,Dupage,HIGH SCHOOL,MEDIUM,2615.0,17.5,21.0,14.9,15.0,85.0,95.2,95361.59,147341.54
190222000260000,District,CUSD 200,Wheaton,Dupage,UNIT,LARGE,12809.0,27.5,24.0,14.6,28.3,71.3,91.4,74927.57,113910.07
190222010260000,District,CUSD 201,Westmont,Dupage,UNIT,MEDIUM,1330.0,35.0,19.0,15.8,14.0,86.0,93.8,89529.16,115822.7
190222020260000,District,Lisle CUSD 202,Lisle,Dupage,UNIT,MEDIUM,1489.0,29.7,18.0,15.0,20.2,79.8,94.4,73052.65,116333.1
190222030260000,District,Naperville CUSD 203,Naperville,Dupage,UNIT,LARGE,16654.0,15.8,23.0,12.8,34.7,64.9,86.6,70791.94,101433.87
190222040260000,District,Indian Prairie CUSD 204,Aurora,Dupage,UNIT,LARGE,27859.0,17.0,27.0,14.3,32.5,67.4,91.9,68161.92,130470.81
190222050260000,District,Elmhurst SD 205,Elmhurst,Dupage,UNIT,LARGE,8599.0,15.6,22.0,12.2,35.1,64.9,88.2,77190.73,118321.08
200240010260000,District,Edwards County CUSD 1,Albion,Edwards,UNIT,MEDIUM,931.0,39.1,19.0,13.4,57.6,42.4,94.7,49147.04,84833.68
200300070260000,District,Gallatin CUSD 7,Junction,Gallatin,UNIT,MEDIUM,756.0,64.3,18.0,13.0,79.2,20.8,87.2,41583.93,76391.53
200330100260000,District,Hamilton Co CUSD 10,Mc Leansboro,Hamilton,UNIT,MEDIUM,1230.0,49.8,24.0,16.3,33.3,66.7,92.9,49989.27,79981.12
200350010260000,District,Hardin County CUSD 1,Elizabethtown,Hardin,UNIT,MEDIUM,579.0,54.9,19.0,20.4,74.4,25.6,93.4,43642.84,82800.93
200760010260000,District,Pope Co CUD 1,Golconda,Pope,UNIT,MEDIUM,534.0,56.6,16.0,13.1,84.0,16.0,92.9,42796.39,75452.39
200830010260000,District,Galatia CUSD 1,Galatia,Saline,UNIT,SMALL,443.0,56.0,16.0,14.8,84.8,12.2,91.8,44200.82,66624.22
200830020260000,District,Carrier Mills-Stonefort CUSD 2,Carrier Mills,Saline,UNIT,SMALL,440.0,30.2,17.0,17.1,67.4,32.6,95.3,48778.43,75587.5
200830030260000,District,Harrisburg CUSD 3,Harrisburg,Saline,UNIT,LARGE,1921.0,61.2,19.0,15.7,66.6,33.4,91.9,52910.52,74600.55
200830040260000,District,Eldorado CUSD 4,Eldorado,Saline,UNIT,MEDIUM,1192.0,61.8,18.0,17.4,62.2,37.2,94.5,43877.13,70592.34
200930170240000,District,Allendale CCSD 17,Allendale,Wabash,UNIT,SMALL,140.0,57.1,14.0,14.6,72.1,27.9,88.9,38672.73,87400.0
200933480260000,District,Wabash CUSD 348,Mount Carmel,Wabash,UNIT,MEDIUM,1485.0,50.2,22.0,16.6,66.6,32.3,80.4,57600.86,89354.71
200961000260000,District,Wayne City CUSD 100,Wayne City,Wayne,UNIT,MEDIUM,565.0,41.8,14.0,13.6,72.1,27.9,91.2,47083.37,71415.75
200962000260000,District,North Wayne CUSD 200,Cisne,Wayne,UNIT,SMALL,385.0,45.5,13.0,14.5,76.7,19.7,90.3,45913.48,70402.29
200962250160000,District,Fairfield Comm H S Dist 225,Fairfield,Wayne,HIGH SCHOOL,SMALL,431.0,34.1,18.0,13.7,54.2,45.8,91.8,53538.61,82204.13
200970010260000,District,Grayville CUSD 1,Grayville,White,UNIT,SMALL,305.0,57.0,16.0,9.3,83.6,16.4,81.2,39659.06,95983.0
200970030260000,District,Norris City-Omaha-Enfield CUSD 3,Norris City,White,UNIT,MEDIUM,729.0,50.1,16.0,11.0,66.3,33.7,85.3,35603.55,66528.39
200970050260000,District,Carmi-White County CUSD 5,Carmi,White,UNIT,MEDIUM,1421.0,57.1,21.0,15.3,40.5,59.5,89.0,55197.89,99423.09
210280990260000,District,Christopher USD 99,Christopher,Franklin,UNIT,MEDIUM,772.0,17.9,18.0,16.0,44.1,54.0,92.3,52354.92,97869.07
210281030130000,District,Benton Cons HSD 103,Benton,Franklin,HIGH SCHOOL,SMALL,548.0,53.8,18.0,18.3,46.1,51.2,90.2,60758.77,91023.24
210281680260000,District,Frankfort CUSD 168,West Frankfort,Franklin,UNIT,LARGE,1773.0,47.8,19.0,14.5,52.7,47.3,85.9,58420.6,82297.75
210281740260000,District,Thompsonville CUSD 174,Thompsonville,Franklin,UNIT,SMALL,336.0,40.5,14.0,13.9,81.4,17.4,94.7,42953.97,87322.01
210281880260000,District,Zeigler-Royalton CUSD 188,Zeigler,Franklin,UNIT,MEDIUM,605.0,63.5,17.0,14.9,87.9,12.1,87.0,51906.08,83425.33
210281960260000,District,Sesser-Valier CUSD 196,Sesser,Franklin,UNIT,MEDIUM,646.0,51.1,17.0,17.3,63.2,36.8,87.2,50207.22,84688.52
210440010260000,District,Goreville CUD 1,Goreville,Johnson,UNIT,MEDIUM,597.0,37.4,19.0,16.8,65.8,34.2,95.6,55404.15,260021.32
210441330170000,District,Vienna HSD 133,Vienna,Johnson,HIGH SCHOOL,SMALL,380.0,45.8,21.0,16.6,65.0,35.0,93.4,49963.87,95505.51
210610010260000,District,Massac UD 1,Metropolis,Massac,UNIT,LARGE,2027.0,59.4,22.0,15.0,48.3,50.3,88.7,54495.35,81769.59
210610380260000,District,Joppa-Maple Grove UD 38,Joppa,Massac,UNIT,SMALL,268.0,62.3,14.0,16.8,59.3,36.6,90.3,52054.24,100543.48
211000010260000,District,Johnston City CUSD 1,Johnston City,Williamson,UNIT,MEDIUM,1104.0,63.0,22.0,14.7,58.6,41.4,90.4,54088.13,87925.0
211000020260000,District,Marion CUSD 2,Marion,Williamson,UNIT,LARGE,4031.0,52.2,22.0,15.1,51.6,47.7,85.1,67670.43,101938.26
211000030260000,District,Crab Orchard CUSD 3,Marion,Williamson,UNIT,MEDIUM,512.0,35.5,20.0,14.1,78.8,21.2,91.0,45720.41,105928.7
211000040260000,District,Herrin CUSD 4,Herrin,Williamson,UNIT,LARGE,2481.0,55.5,20.0,14.8,63.0,36.3,90.7,57995.28,98876.13
211000050260000,District,Carterville CUSD 5,Carterville,Williamson,UNIT,LARGE,2149.0,35.1,19.0,13.2,64.5,34.7,90.2,54312.55,97024.38
240320010260000,District,Coal City CUSD 1,Coal City,Grundy,UNIT,LARGE,2230.0,27.0,21.0,12.6,38.1,61.9,90.4,65987.43,103776.8
240320730170000,District,Gardner S Wilmington Twp HSD 73,Gardner,Grundy,HIGH SCHOOL,SMALL,185.0,26.5,13.0,13.5,45.9,54.1,86.5,46830.0,103235.37
240321010160000,District,Morris CHSD 101,Morris,Grundy,HIGH SCHOOL,MEDIUM,878.0,17.0,19.0,14.7,39.6,60.4,93.5,56141.77,102077.22
240321110160000,District,Minooka CHSD 111,Channahon,Grundy,HIGH SCHOOL,MEDIUM,2746.0,16.5,23.0,12.9,23.6,76.4,90.7,67622.83,103639.67
240470180160000,District,Newark CHSD 18,Newark,Kendall,HIGH SCHOOL,SMALL,168.0,21.4,11.0,12.6,48.0,52.0,86.7,49839.05,111683.95
240470880260000,District,Plano CUSD 88,Plano,Kendall,UNIT,LARGE,2385.0,58.6,21.0,13.0,46.5,53.5,86.1,61672.56,128885.64
240471150260000,District,Yorkville CUSD 115,Yorkville,Kendall,UNIT,LARGE,6146.0,17.7,21.0,9.5,41.3,58.7,85.9,54538.76,101822.39
240473080260000,District,CUSD 308,Oswego,Kendall,UNIT,LARGE,18096.0,24.1,23.0,11.8,27.7,72.1,87.2,65231.65,83601.67
260290010260000,District,Astoria CUSD 1,Astoria,Fulton,UNIT,SMALL,351.0,53.3,16.0,9.8,88.9,11.1,73.2,33438.98,85558.1
260290020260000,District,V I T CUSD 2,Table Grove,Fulton,UNIT,SMALL,378.0,40.5,13.0,15.2,59.5,40.5,82.5,41951.75,84438.86
260290030260000,District,CUSD 3 Fulton County,Cuba,Fulton,UNIT,SMALL,424.0,49.1,15.0,14.7,83.9,16.1,74.5,39431.26,98106.84
260290040260000,District,Spoon River Valley CUSD 4,London Mills,Fulton,UNIT,SMALL,337.0,45.4,12.0,15.9,85.1,14.9,88.9,40063.24,71726.84
260290660250000,District,Canton Union SD 66,Canton,Fulton,UNIT,LARGE,2497.0,51.6,19.0,13.9,64.6,34.8,89.3,49512.49,84075.16
260290970260000,District,Lewistown CUSD 97,Lewistown,Fulton,UNIT,MEDIUM,657.0,52.5,18.0,16.6,61.9,36.1,81.8,48074.76,84937.0
260343070160000,District,Illini West H S Dist 307,Carthage,Hancock,HIGH SCHOOL,SMALL,341.0,39.9,13.0,18.7,80.2,19.8,88.6,46001.58,87891.94
260343160260000,District,Warsaw CUSD 316,Warsaw,Hancock,UNIT,SMALL,416.0,35.8,17.0,13.8,60.9,39.1,81.8,39697.88,80576.67
260343250260000,District,Nauvoo-Colusa CUSD 325,Nauvoo,Hancock,UNIT,SMALL,251.0,45.8,16.0,11.0,77.3,22.7,83.6,41824.15,103396.5
260343280240000,District,Hamilton CCSD 328,Hamilton,Hancock,UNIT,MEDIUM,603.0,44.9,19.0,12.4,70.3,27.5,84.5,42454.48,87114.98
260343370260000,District,Southeastern CUSD 337,Augusta,Hancock,UNIT,SMALL,484.0,63.2,16.0,13.6,58.8,41.2,79.6,40350.44,88881.75
260621030260000,District,West Prairie CUSD 103,Colchester,McDonough,UNIT,MEDIUM,608.0,49.0,16.0,14.4,83.0,17.0,84.2,42662.85,83530.9
260621700260000,District,Bushnell Prairie City CUSD 170,Bushnell,McDonough,UNIT,MEDIUM,696.0,56.8,14.0,12.1,74.1,25.9,78.2,39088.91,91649.0
260621850260000,District,Macomb CUSD 185,Macomb,McDonough,UNIT,LARGE,2076.0,46.8,19.0,13.6,55.1,44.2,87.7,47381.03,97752.95
260850050260000,District,Schuyler-Industry CUSD 5,Rushville,Schuyler,UNIT,MEDIUM,1071.0,40.1,19.0,16.3,59.3,40.7,57.1,47981.79,84764.68
280061030220000,District,DePue USD 103,DePue,Bureau,UNIT,SMALL,429.0,71.1,11.0,10.7,67.1,32.9,84.4,40786.1,100250.0
280063030260000,District,La Moille CUSD 303,La Moille,Bureau,UNIT,SMALL,226.0,46.9,13.0,13.9,59.0,41.0,85.5,44616.08,95690.33
280063400260000,District,Bureau Valley CUSD 340,Manlius,Bureau,UNIT,MEDIUM,1118.0,48.6,19.0,15.5,72.3,27.7,87.3,53627.45,90456.0
280065000150000,District,Princeton HSD 500,Princeton,Bureau,HIGH SCHOOL,SMALL,531.0,36.7,17.0,16.3,37.3,62.7,87.5,67419.42,108738.0
280065020170000,District,Hall HSD 502,Spring Valley,Bureau,HIGH SCHOOL,SMALL,438.0,46.1,15.0,13.5,30.1,66.8,88.9,55972.52,93332.8
280065050160000,District,Ohio CHSD 505,Ohio,Bureau,HIGH SCHOOL,SMALL,35.0,51.4,7.0,14.9,54.2,45.8,81.8,45932.59,103853.29
280372230260000,District,Orion CUSD 223,Orion,Henry,UNIT,MEDIUM,1061.0,16.3,19.0,14.3,60.0,38.5,89.3,52829.47,110645.82
280372240260000,District,Galva CUSD 224,Galva,Henry,UNIT,MEDIUM,519.0,53.0,15.0,14.5,61.5,38.5,89.1,44606.31,92817.75
280372250260000,District,AlWood CUSD 225,Woodhull,Henry,UNIT,SMALL,395.0,44.3,14.0,14.8,64.5,32.6,83.7,51710.56,107170.67
280372260260000,District,Annawan CUSD 226,Annawan,Henry,UNIT,SMALL,358.0,38.0,15.0,15.0,41.9,58.1,90.8,46225.92,81697.34
280372270260000,District,Cambridge CUSD 227,Cambridge,Henry,UNIT,SMALL,478.0,41.4,16.0,13.1,68.2,31.8,93.3,46117.22,106707.24
280372280260000,District,Geneseo CUSD 228,Geneseo,Henry,UNIT,LARGE,2623.0,23.3,23.0,14.2,39.4,60.6,87.7,52127.46,101483.31
280372290260000,District,Kewanee CUSD 229,Kewanee,Henry,UNIT,LARGE,1969.0,74.4,18.0,12.4,64.4,34.8,84.6,46521.0,106083.2
280372300260000,District,Wethersfield CUSD 230,Kewanee,Henry,UNIT,MEDIUM,590.0,43.2,17.0,17.4,29.1,70.9,92.9,50809.23,105800.0
280880010260000,District,Bradford CUSD 1,Bradford,Stark,UNIT,SMALL,157.0,52.9,14.0,9.8,79.3,20.7,82.5,36099.86,303030.3
280881000260000,District,Stark County CUSD 100,Wyoming,Stark,UNIT,MEDIUM,727.0,41.1,14.0,14.7,59.5,40.5,80.0,45690.41,95502.25
300020010220000,District,Cairo USD 1,Cairo,Alexander,UNIT,SMALL,388.0,98.5,19.0,15.7,65.0,35.0,72.5,46828.85,91791.83
300020050260000,District,Egyptian CUSD 5,Tamms,Alexander,UNIT,SMALL,448.0,85.5,15.0,17.1,51.8,48.2,86.3,47786.64,86038.33
300391650160000,District,Carbondale CHSD 165,Carbondale,Jackson,HIGH SCHOOL,MEDIUM,1009.0,58.4,18.0,15.3,48.8,49.9,90.9,63198.77,90347.08
300391760260000,District,Trico CUSD 176,Campbell Hill,Jackson,UNIT,MEDIUM,964.0,53.6,20.0,13.7,73.6,26.4,90.1,47097.51,85396.55
300391860260000,District,Murphysboro CUSD 186,Murphysboro,Jackson,UNIT,LARGE,2047.0,95.1,22.0,13.2,69.4,29.9,82.4,49636.72,72528.11
300391960260000,District,Elverado CUSD 196,Elkville,Jackson,UNIT,SMALL,413.0,61.5,14.0,11.8,80.1,19.9,79.4,39425.47,77142.98
300731010160000,District,Pinckneyville CHSD 101,Pinckneyville,Perry,HIGH SCHOOL,SMALL,451.0,38.1,18.0,13.9,74.2,25.8,90.7,51013.3,103990.0
300733000260000,District,Du Quoin CUSD 300,Du Quoin,Perry,UNIT,MEDIUM,1529.0,54.5,18.0,15.0,78.5,21.5,91.1,50745.68,98029.57
300771000260000,District,Century CUSD 100,Ullin,Pulaski,UNIT,SMALL,367.0,63.2,20.0,12.4,79.9,16.3,75.0,43239.69,74650.71
300771010260000,District,Meridian CUSD 101,Mounds,Pulaski,UNIT,SMALL,456.0,99.6,15.0,13.3,62.3,34.6,72.4,41389.1,82565.5
300910170220000,District,Cobden SUD 17,Cobden,Union,UNIT,MEDIUM,529.0,59.5,17.0,12.9,60.6,39.4,88.1,47292.22,103751.0
300910660220000,District,Dongola USD 66,Dongola,Union,UNIT,SMALL,281.0,91.8,16.0,10.4,83.3,16.7,75.0,36262.94,89550.39
300910810160000,District,Anna Jonesboro CHSD 81,Anna,Union,HIGH SCHOOL,SMALL,521.0,44.5,15.0,12.3,55.9,44.1,95.0,54340.55,104880.67
300910840260000,District,Shawnee CUSD 84,Wolf Lake,Union,UNIT,SMALL,331.0,99.4,18.0,12.9,70.9,29.1,90.0,43021.44,79692.85
310450460220000,District,SD U-46,Elgin,Kane,UNIT,LARGE,38764.0,59.1,22.0,13.4,33.5,66.0,84.7,68004.51,103071.1
310451010220000,District,Batavia USD 101,Batavia,Kane,UNIT,LARGE,5828.0,17.3,24.0,14.0,28.1,71.9,90.5,78220.71,110849.79
310451290220000,District,Aurora West USD 129,Aurora,Kane,UNIT,LARGE,12316.0,50.4,22.0,13.1,27.3,72.5,87.0,67970.08,91533.29
310451310220000,District,Aurora East USD 131,Aurora,Kane,UNIT,LARGE,14061.0,71.7,23.0,10.9,43.9,55.9,87.0,59698.24,93573.37
310453000260000,District,CUSD 300,Algonquin,Kane,UNIT,LARGE,20985.0,41.7,23.0,10.8,45.9,53.2,85.4,57632.71,104337.4
310453010260000,District,Central CUSD 301,Burlington,Kane,UNIT,LARGE,4175.0,10.4,20.0,10.3,47.4,52.6,86.4,56620.06,106044.24
310453020260000,District,Kaneland CUSD 302,Maple Park,Kane,UNIT,LARGE,4410.0,12.2,23.0,12.0,32.7,67.3,86.4,67209.67,97856.52
310453030260000,District,St Charles CUSD 303,St Charles,Kane,UNIT,LARGE,12442.0,15.6,23.0,13.5,35.1,64.9,78.9,65079.52,108137.87
310453040260000,District,Geneva CUSD 304,Geneva,Kane,UNIT,LARGE,5831.0,5.1,23.0,13.4,24.9,75.1,91.6,69684.28,107395.92
320380030260000,District,Donovan CUSD 3,Donovan,Iroquois,UNIT,SMALL,289.0,54.7,22.0,12.7,62.7,33.2,81.6,43702.24,89200.0
320380040260000,District,Central CUSD 4,Ashkum,Iroquois,UNIT,MEDIUM,1071.0,41.3,20.0,15.6,45.4,54.6,86.4,47453.81,85073.83
320380060260000,District,Cissna Park CUSD 6,Cissna Park,Iroquois,UNIT,SMALL,301.0,25.6,19.0,11.9,63.8,31.9,80.4,41319.32,105802.8
320380090260000,District,Iroquois County CUSD 9,Watseka,Iroquois,UNIT,MEDIUM,1009.0,59.1,18.0,15.4,51.6,45.6,89.1,56288.16,85385.66
320380100260000,District,Iroquois West CUSD 10,Gilman,Iroquois,UNIT,MEDIUM,1014.0,55.0,18.0,12.7,66.2,32.4,81.2,45424.17,76259.45
320381240260000,District,Milford Area Public Schools District 124,Milford,Iroquois,UNIT,MEDIUM,597.0,57.5,15.0,15.0,56.7,40.4,94.3,51633.38,106729.25
320382490260000,District,Crescent Iroquois CUSD 249,Crescent City,Iroquois,UNIT,SMALL,81.0,28.4,8.0,16.2,33.3,66.7,93.5,49490.69,105000.0
320460010260000,District,Momence CUSD 1,Momence,Kankakee,UNIT,MEDIUM,1101.0,65.7,22.0,13.1,45.2,54.8,77.2,48999.15,87839.93
320460020260000,District,Herscher CUSD 2,Herscher,Kankakee,UNIT,MEDIUM,1718.0,27.6,20.0,14.1,49.4,50.6,87.4,45022.89,89638.4
320460050260000,District,Manteno CUSD 5,Manteno,Kankakee,UNIT,LARGE,2131.0,34.4,22.0,12.2,44.9,55.1,82.4,45913.48,81898.83
320460060260000,District,Grant Park CUSD 6,Grant Park,Kankakee,UNIT,MEDIUM,495.0,40.4,15.0,11.7,51.7,48.3,84.6,42322.69,97465.83
320461110250000,District,Kankakee SD 111,Kankakee,Kankakee,UNIT,LARGE,5165.0,67.4,17.0,14.7,40.4,56.4,75.8,54579.07,98314.79
320463020160000,District,St Anne CHSD 302,Saint Anne,Kankakee,HIGH SCHOOL,SMALL,217.0,80.6,12.0,6.3,69.2,30.8,74.1,53688.2,90562.0
320463070160000,District,Bradley Bourbonnais CHSD 307,Bradley,Kankakee,HIGH SCHOOL,MEDIUM,2047.0,42.6,24.0,11.8,47.2,52.8,87.1,57061.98,103890.34
330362350260000,District,West Central CUSD 235,Biggsville,Henderson,UNIT,MEDIUM,789.0,56.5,15.0,12.8,68.6,31.4,88.0,40838.11,78193.0
330482020260000,District,Knoxville CUSD 202,Knoxville,Knox,UNIT,MEDIUM,1064.0,41.8,20.0,14.0,64.2,35.8,92.2,50355.33,93466.16
330482050260000,District,Galesburg CUSD 205,Galesburg,Knox,UNIT,LARGE,4384.0,61.4,19.0,15.3,48.0,51.6,83.7,58909.14,96987.29
330482080260000,District,R O W V A CUSD 208,Oneida,Knox,UNIT,MEDIUM,594.0,43.8,15.0,15.0,65.5,34.5,93.5,52756.72,103887.0
330482100260000,District,Williamsfield CUSD 210,Williamsfield,Knox,UNIT,SMALL,258.0,32.6,13.0,12.4,70.0,30.0,77.1,55891.93,109199.5
330482760260000,District,Abingdon-Avon CUSD 276,Abingdon,Knox,UNIT,MEDIUM,971.0,47.7,18.0,11.4,67.3,31.3,78.1,41237.26,108321.26
330664040260000,District,Mercer County School District 404,Aledo,Mercer,UNIT,MEDIUM,1352.0,40.2,17.0,13.9,54.5,45.5,88.6,49107.09,86867.86
330942380260000,District,Monmouth-Roseville CUSD 238,Monmouth,Warren,UNIT,MEDIUM,1692.0,80.7,16.0,12.9,77.7,21.4,79.8,43501.57,100427.12
330943040260000,District,United CUSD 304,Monmouth,Warren,UNIT,MEDIUM,956.0,43.6,18.0,13.4,64.8,35.2,84.2,47865.09,84286.0
340490600260000,District,Waukegan CUSD 60,Waukegan,Lake,UNIT,LARGE,16275.0,69.7,23.0,12.1,35.5,64.3,78.2,62085.96,99402.78
340490950260000,District,Lake Zurich CUSD 95,Lake Zurich,Lake,UNIT,LARGE,5693.0,12.2,21.0,15.5,24.5,75.2,92.8,75053.0,107007.7
340491130170000,District,Twp HSD 113,Highland Park,Lake,HIGH SCHOOL,LARGE,3677.0,9.3,16.0,17.3,16.1,83.9,95.5,113186.0,144195.91
340491150160000,District,Lake Forest CHSD 115,Lake Forest,Lake,HIGH SCHOOL,MEDIUM,1628.0,2.1,19.0,14.8,26.6,73.4,93.8,102027.29,140118.31
340491160260000,District,Round Lake CUSD 116,Round Lake,Lake,UNIT,LARGE,6948.0,66.7,18.0,10.8,33.5,66.5,86.8,66674.1,98351.48
340491170160000,District,CHSD 117,Lake Villa,Lake,HIGH SCHOOL,MEDIUM,2754.0,17.7,22.0,10.9,39.2,60.8,85.7,61310.65,98766.69
340491180260000,District,Wauconda CUSD 118,Wauconda,Lake,UNIT,LARGE,4687.0,32.2,22.0,13.4,23.9,76.1,92.0,66785.58,113162.69
340491200130000,District,Mundelein Cons HSD 120,Mundelein,Lake,HIGH SCHOOL,MEDIUM,2010.0,30.0,21.0,13.5,31.4,68.6,90.8,85887.37,126882.7
340491210170000,District,Warren Twp HSD 121,Gurnee,Lake,HIGH SCHOOL,LARGE,4117.0,16.6,20.0,14.7,27.5,72.1,94.8,81757.61,135656.58
340491240160000,District,Grant CHSD 124,Fox Lake,Lake,HIGH SCHOOL,MEDIUM,1845.0,34.5,21.0,11.2,26.0,74.0,90.1,62276.35,110995.36
340491250130000,District,Adlai E Stevenson HSD 125,Lincolnshire,Lake,HIGH SCHOOL,LARGE,4230.0,4.9,20.0,14.4,16.5,83.5,91.6,99274.59,147507.93
340491260170000,District,Zion-Benton Twp HSD 126,Zion,Lake,HIGH SCHOOL,MEDIUM,2633.0,60.5,19.0,11.3,26.2,73.2,89.6,60330.32,111809.3
340491270160000,District,Grayslake CHSD 127,Grayslake,Lake,HIGH SCHOOL,MEDIUM,2902.0,10.9,21.0,14.2,34.9,64.6,92.2,76047.49,122106.18
340491280160000,District,CHSD 128,Vernon Hills,Lake,HIGH SCHOOL,MEDIUM,3397.0,7.8,22.0,16.6,24.7,75.3,94.2,109494.92,146689.37
340491870260000,District,North Chicago SD 187,North Chicago,Lake,UNIT,LARGE,3558.0,92.0,19.0,9.0,48.1,51.9,60.9,50213.16,104149.42
340492200260000,District,Barrington CUSD 220,Barrington,Lake,UNIT,LARGE,8706.0,18.9,21.0,14.1,18.3,81.5,88.0,80635.12,126155.86
340499010250000,District,LEARN Charter 9 Campus in Waukegan,Waukegan,Lake,UNIT,SMALL,391.0,92.8,24.0,6.0,65.1,30.2,74.2,55853.42,101164.18
350500010260000,District,Leland CUSD 1,Leland,La Salle,UNIT,SMALL,259.0,40.2,17.0,16.4,38.1,61.9,89.8,46992.01,102139.69
350500020260000,District,Serena CUSD 2,Serena,La Salle,UNIT,MEDIUM,656.0,35.2,16.0,15.3,47.1,52.9,63.7,66656.27,89026.16
350500090260000,District,Earlville CUSD 9,Earlville,La Salle,UNIT,SMALL,413.0,38.5,13.0,13.4,48.9,51.1,70.2,45880.83,90000.0
350500400170000,District,Streator Twp HSD 40,Streator,La Salle,HIGH SCHOOL,MEDIUM,882.0,50.3,19.0,16.3,23.4,74.9,92.7,64409.58,111221.74
350501200170000,District,La Salle-Peru Twp HSD 120,La Salle,La Salle,HIGH SCHOOL,MEDIUM,1231.0,41.8,22.0,14.6,22.2,73.2,89.1,60045.56,107180.42
350501400170000,District,Ottawa Twp HSD 140,Ottawa,La Salle,HIGH SCHOOL,MEDIUM,1346.0,30.8,20.0,14.8,28.3,71.7,92.4,58972.57,95888.46
350501600170000,District,Seneca Twp HSD 160,Seneca,La Salle,HIGH SCHOOL,SMALL,462.0,31.4,17.0,18.5,17.8,82.2,94.7,87308.99,141222.99
350502800170000,District,Mendota Twp HSD 280,Mendota,La Salle,HIGH SCHOOL,SMALL,561.0,49.6,20.0,16.4,20.2,76.9,95.3,65802.41,101480.65
350504250260000,District,Lostant CUSD 425,Lostant,La Salle,UNIT,SMALL,59.0,45.8,7.0,14.5,33.3,66.7,77.8,46540.27,117515.0
350590050260000,District,Henry-Senachwine CUSD 5,Henry,Marshall,UNIT,MEDIUM,567.0,45.9,15.0,15.7,61.3,38.7,90.1,52624.36,100407.1
350590070260000,District,Midland CUSD 7,Sparland,Marshall,UNIT,MEDIUM,708.0,43.8,21.0,12.1,69.7,30.3,80.7,39964.57,83964.25
350785350260000,District,Putnam County CUSD 535,Granville,Putnam,UNIT,MEDIUM,872.0,35.1,15.0,12.5,62.3,37.7,84.9,46365.01,85705.29
390550010260000,District,Argenta-Oreana CUSD 1,Argenta,Macon,UNIT,MEDIUM,964.0,46.6,16.0,11.8,69.1,29.4,81.7,44943.38,96213.94
390550020260000,District,Maroa Forsyth CUSD 2,Maroa,Macon,UNIT,MEDIUM,1179.0,24.2,20.0,14.7,49.3,50.7,86.6,56275.35,100375.0
390550030260000,District,Mt Zion CUSD 3,Mt Zion,Macon,UNIT,LARGE,2394.0,20.0,17.0,14.9,43.5,56.5,89.2,56819.87,110774.58
390550090260000,District,Sangamon Valley CUSD 9,Niantic,Macon,UNIT,MEDIUM,724.0,46.4,18.0,13.3,72.4,27.6,87.6,48398.36,72824.17
390550110260000,District,Warrensburg-Latham CUSD 11,Warrensburg,Macon,UNIT,MEDIUM,942.0,37.9,20.0,14.8,50.4,49.6,88.6,52739.18,94907.57
390550150260000,District,Meridian CUSD 15,Macon,Macon,UNIT,MEDIUM,1039.0,35.4,16.0,16.5,59.8,40.2,85.8,54264.41,102654.0
390550610250000,District,Decatur SD 61,Decatur,Macon,UNIT,LARGE,8923.0,66.2,19.0,11.6,56.4,43.6,67.4,47425.72,89805.37
390740050260000,District,Bement CUSD 5,Bement,Piatt,UNIT,SMALL,312.0,49.4,12.0,11.8,69.8,30.2,83.5,37983.71,100773.33
390740250260000,District,Monticello CUSD 25,Monticello,Piatt,UNIT,MEDIUM,1623.0,23.1,21.0,13.9,42.3,57.7,88.0,50747.33,104047.71
390740570260000,District,Deland-Weldon CUSD 57,De Land,Piatt,UNIT,SMALL,202.0,52.0,11.0,9.5,60.9,39.1,75.0,36972.33,79000.0
390741000260000,District,Cerro Gordo CUSD 100,Cerro Gordo,Piatt,UNIT,MEDIUM,486.0,38.3,17.0,16.4,52.1,42.3,84.3,46657.47,91463.85
400070400260000,District,Calhoun CUSD 40,Hardin,Calhoun,UNIT,SMALL,459.0,43.8,16.0,13.9,52.5,47.5,92.0,42873.36,80321.75
400070420260000,District,Brussels CUSD 42,Brussels,Calhoun,UNIT,SMALL,125.0,37.6,7.0,8.3,87.5,0.0,89.2,35051.27,69064.17
400310010260000,District,Carrollton CUSD 1,Carrollton,Greene,UNIT,MEDIUM,545.0,58.2,15.0,11.9,53.3,46.7,87.5,42723.08,105108.1
400310030260000,District,North Greene CUSD 3,White Hall,Greene,UNIT,MEDIUM,861.0,63.4,18.0,13.6,70.6,26.3,91.3,38670.41,71043.86
400310100260000,District,Greenfield CUSD 10,Greenfield,Greene,UNIT,SMALL,453.0,46.8,16.0,16.9,70.9,27.9,92.7,47919.71,79332.33
400421000260000,District,Jersey CUSD 100,Jerseyville,Jersey,UNIT,LARGE,2544.0,42.8,23.0,17.4,46.8,52.4,89.0,59494.06,89046.92
400560010260000,District,Carlinville CUSD 1,Carlinville,Macoupin,UNIT,MEDIUM,1459.0,46.6,20.0,14.5,51.1,48.9,89.6,57019.58,95441.31
400560020260000,District,Northwestern CUSD 2,Palmyra,Macoupin,UNIT,SMALL,366.0,58.2,15.0,12.9,66.2,29.5,91.5,41033.29,75004.74
400560050260000,District,Mount Olive CUSD 5,Mount Olive,Macoupin,UNIT,SMALL,473.0,41.0,14.0,12.9,52.4,45.0,82.9,49713.29,89275.84
400560060260000,District,Staunton CUSD 6,Staunton,Macoupin,UNIT,MEDIUM,1313.0,37.0,17.0,14.3,58.2,41.8,91.3,61859.75,95914.87
400560070260000,District,Gillespie CUSD 7,Gillespie,Macoupin,UNIT,MEDIUM,1325.0,76.5,21.0,15.1,38.1,61.9,93.4,61084.91,95021.25
400560080260000,District,Bunker Hill CUSD 8,Bunker Hill,Macoupin,UNIT,MEDIUM,591.0,48.7,19.0,12.1,44.2,55.8,74.4,49204.81,94613.05
400560090260000,District,Southwestern CUSD 9,Brighton,Macoupin,UNIT,MEDIUM,1422.0,38.3,20.0,16.8,49.9,48.9,80.9,56825.61,104776.67
400560340260000,District,North Mac CUSD 34,Girard,Macoupin,UNIT,MEDIUM,1336.0,52.0,18.0,14.9,44.1,55.9,82.4,48699.91,88279.67
410570010260000,District,Roxana CUSD 1,Roxana,Madison,UNIT,LARGE,1889.0,47.1,21.0,16.2,38.3,60.9,85.9,68760.11,113002.25
410570020260000,District,Triad CUSD 2,Troy,Madison,UNIT,LARGE,3786.0,22.2,23.0,14.4,43.9,56.1,93.2,58200.5,96437.0
410570030260000,District,Venice CUSD 3,Venice,Madison,UNIT,SMALL,66.0,97.0,8.0,13.8,68.4,31.6,80.0,52353.26,107456.5
410570050260000,District,Highland CUSD 5,Highland,Madison,UNIT,LARGE,2868.0,29.5,21.0,15.6,42.0,58.0,91.5,56889.4,94370.97
410570070260000,District,Edwardsville CUSD 7,Edwardsville,Madison,UNIT,LARGE,7531.0,17.8,24.0,14.1,42.9,56.9,88.1,51715.75,85455.04
410570080260000,District,Bethalto CUSD 8,Bethalto,Madison,UNIT,LARGE,2476.0,47.5,22.0,16.0,44.2,55.8,88.3,59458.53,98981.0
410570090260000,District,Granite City CUSD 9,Granite City,Madison,UNIT,LARGE,6160.0,62.2,23.0,17.3,48.2,50.8,86.1,66215.86,109074.78
410570100260000,District,Collinsville CUSD 10,Collinsville,Madison,UNIT,LARGE,6350.0,58.7,19.0,12.6,49.9,49.8,91.0,59431.75,100991.08
410570110260000,District,Alton CUSD 11,Alton,Madison,UNIT,LARGE,6315.0,57.1,26.0,14.3,51.8,46.7,82.5,51589.02,93232.63
410570120260000,District,Madison CUSD 12,Madison,Madison,UNIT,MEDIUM,700.0,96.9,17.0,9.9,56.1,43.9,73.6,46280.6,100569.08
410570140160000,District,East Alton-Wood River CHSD 14,Wood River,Madison,HIGH SCHOOL,SMALL,572.0,61.5,21.0,14.8,51.5,45.5,90.0,59242.86,111631.76
440630120260000,District,Johnsburg CUSD 12,Johnsburg,McHenry,UNIT,LARGE,1861.0,24.4,22.0,14.3,33.3,65.9,85.3,60594.01,103451.16
440630190240000,District,Alden Hebron SD 19,Hebron,McHenry,UNIT,SMALL,415.0,45.5,14.0,9.3,75.4,24.6,75.3,43524.25,99677.33
440630500260000,District,Harvard CUSD 50,Harvard,McHenry,UNIT,LARGE,2732.0,58.3,16.0,10.9,49.5,49.5,86.5,48345.39,96453.92
440631540160000,District,Marengo CHSD 154,Marengo,McHenry,HIGH SCHOOL,MEDIUM,701.0,28.5,19.0,13.6,20.7,76.6,91.3,71293.75,115395.25
440631550160000,District,CHSD 155,Crystal Lake,McHenry,HIGH SCHOOL,LARGE,6113.0,20.2,18.0,16.3,13.7,86.0,93.5,92641.29,125127.24
440631560160000,District,McHenry CHSD 156,McHenry,McHenry,HIGH SCHOOL,MEDIUM,2221.0,29.4,24.0,13.7,37.2,62.8,83.4,70559.52,110265.02
440631570160000,District,Richmond-Burton CHSD 157,Richmond,McHenry,HIGH SCHOOL,MEDIUM,666.0,10.1,18.0,13.7,23.4,76.6,92.1,59443.68,102490.24
440631580220000,District,Huntley Community School District 158,Algonquin,McHenry,UNIT,LARGE,9601.0,10.5,23.0,12.0,35.3,64.3,90.2,58895.11,96640.57
440632000260000,District,Woodstock CUSD 200,Woodstock,McHenry,UNIT,LARGE,6419.0,39.6,22.0,12.4,32.3,67.4,89.4,61169.25,117119.07
450670030260000,District,Valmeyer CUSD 3,Valmeyer,Monroe,UNIT,SMALL,470.0,18.5,18.0,11.6,54.6,45.4,94.5,40753.39,84360.08
450670040260000,District,Columbia CUSD 4,Columbia,Monroe,UNIT,LARGE,2012.0,12.3,22.0,16.4,40.9,59.1,91.8,51203.98,94307.37
450670050260000,District,Waterloo CUSD 5,Waterloo,Monroe,UNIT,LARGE,2641.0,19.8,22.0,15.7,30.1,69.9,93.6,49490.77,99181.42
450790010220000,District,Coulterville USD 1,Coulterville,Randolph,UNIT,SMALL,212.0,67.9,13.0,12.0,49.0,51.0,86.7,46656.92,83428.5
450791320260000,District,Red Bud CUSD 132,Red Bud,Randolph,UNIT,MEDIUM,1014.0,41.9,21.0,13.5,44.5,54.1,92.5,50539.99,89991.09
450791380260000,District,Steeleville CUSD 138,Steeleville,Randolph,UNIT,SMALL,471.0,37.6,18.0,14.0,31.3,68.7,90.5,45316.32,100003.54
450791390260000,District,Chester CUSD 139,Chester,Randolph,UNIT,MEDIUM,992.0,50.4,21.0,15.5,36.8,63.2,89.3,48038.42,87251.7
450791400260000,District,Sparta CUSD 140,Sparta,Randolph,UNIT,MEDIUM,1229.0,53.9,19.0,12.0,45.5,54.5,86.9,44122.16,74271.23
470521700220000,District,Dixon USD 170,Dixon,Lee,UNIT,LARGE,2716.0,47.5,23.0,15.9,37.1,62.9,90.4,57753.09,97504.0
470522710260000,District,Paw Paw CUSD 271,Paw Paw,Lee,UNIT,SMALL,196.0,35.7,15.0,9.4,53.1,46.9,80.8,41120.73,173108.0
470522720260000,District,Amboy CUSD 272,Amboy,Lee,UNIT,MEDIUM,693.0,37.2,15.0,14.8,58.8,41.2,86.5,47435.98,105478.03
470522750260000,District,Ashton-Franklin Center CUSD 275,Ashton,Lee,UNIT,MEDIUM,503.0,40.6,18.0,19.7,45.4,52.0,73.1,53041.58,116290.4
470712120170000,District,Rochelle Twp HSD 212,Rochelle,Ogle,HIGH SCHOOL,MEDIUM,912.0,22.0,17.0,16.2,26.8,71.5,86.4,68344.85,105574.83
470712200260000,District,Oregon CUSD 220,Oregon,Ogle,UNIT,MEDIUM,1427.0,45.1,20.0,13.8,45.3,54.7,83.8,59260.65,94657.48
470712210260000,District,Forrestville Valley CUSD 221,Forreston,Ogle,UNIT,MEDIUM,831.0,32.3,21.0,18.5,48.8,51.2,82.4,55493.51,93129.62
470712220260000,District,Polo CUSD 222,Polo,Ogle,UNIT,MEDIUM,578.0,46.5,16.0,14.5,39.0,58.8,84.4,51421.66,100755.0
470712230260000,District,Meridian CUSD 223,Stillman Valley,Ogle,UNIT,MEDIUM,1664.0,26.7,22.0,15.5,38.2,61.8,85.1,51416.06,97464.66
470712260260000,District,Byron CUSD 226,Byron,Ogle,UNIT,MEDIUM,1545.0,20.6,21.0,16.1,32.8,67.2,87.7,74926.25,117416.78
470980010260000,District,Erie CUSD 1,Erie,Whiteside,UNIT,MEDIUM,649.0,28.8,15.0,16.4,42.5,57.5,92.9,64139.05,110476.17
470980020260000,District,River Bend CUSD 2,Fulton,Whiteside,UNIT,MEDIUM,952.0,37.2,21.0,18.0,53.5,46.5,89.7,49231.12,88076.8
470980030260000,District,Prophetstown-Lyndon-Tampico CUSD3,Prophetstown,Whiteside,UNIT,MEDIUM,841.0,50.7,16.0,15.5,53.5,46.5,83.0,43585.93,86706.16
470980050260000,District,Sterling CUSD 5,Sterling,Whiteside,UNIT,LARGE,3407.0,59.1,20.0,14.7,45.0,55.0,87.0,55541.53,92099.79
470980060260000,District,Morrison CUSD 6,Morrison,Whiteside,UNIT,MEDIUM,1007.0,36.9,13.0,13.7,38.7,61.3,84.6,52195.42,106201.62
470983010170000,District,Rock Falls Twp HSD 301,Rock Falls,Whiteside,HIGH SCHOOL,SMALL,649.0,49.9,22.0,16.6,29.3,70.7,92.9,67265.42,107760.55
480721500250000,District,Peoria SD 150,Peoria,Peoria,UNIT,LARGE,13222.0,69.0,19.0,12.5,48.3,50.2,79.4,53029.76,91003.28
480722650260000,District,Farmington Central CUSD 265,Farmington,Peoria,UNIT,MEDIUM,1380.0,40.6,19.0,12.7,66.7,33.3,81.9,49084.02,78899.62
480723090260000,District,Brimfield CUSD 309,Brimfield,Peoria,UNIT,MEDIUM,701.0,18.4,20.0,14.0,49.0,51.0,92.1,52333.52,110464.5
480723100160000,District,Limestone CHSD 310,Peoria,Peoria,HIGH SCHOOL,MEDIUM,1093.0,43.0,18.0,13.3,46.9,48.8,92.2,60067.02,99682.8
480723210260000,District,Il Valley Central USD 321,Chillicothe,Peoria,UNIT,LARGE,2121.0,38.9,20.0,14.2,64.8,34.5,89.7,48018.14,87714.14
480723220260000,District,Elmwood CUSD 322,Elmwood,Peoria,UNIT,MEDIUM,690.0,15.1,19.0,16.2,60.9,39.1,85.6,53191.04,98021.45
480723230260000,District,Dunlap CUSD 323,Peoria,Peoria,UNIT,LARGE,4487.0,13.0,24.0,12.1,47.6,52.4,86.2,53173.45,104303.26
480723250260000,District,Peoria Heights CUSD 325,Peoria Heights,Peoria,UNIT,MEDIUM,768.0,65.9,20.0,13.2,65.8,34.2,84.5,46351.68,102460.33
480723260260000,District,Princeville CUSD 326,Princeville,Peoria,UNIT,MEDIUM,700.0,29.3,19.0,14.1,41.1,57.0,85.1,56550.05,99369.0
480723270260000,District,Illini Bluffs CUSD 327,Glasford,Peoria,UNIT,MEDIUM,926.0,28.0,18.0,13.0,58.7,41.3,88.5,45229.96,106440.28
490810300170000,District,United Twp HSD 30,East Moline,Rock Island,HIGH SCHOOL,MEDIUM,1700.0,62.4,13.0,14.2,49.2,44.3,90.0,64776.56,105072.49
490810400220000,District,Moline-Coal Valley CUSD 40,Moline,Rock Island,UNIT,LARGE,7288.0,53.2,23.0,14.9,38.7,61.3,85.4,67671.86,111055.92
490810410250000,District,Rock Island SD 41,Rock Island,Rock Island,UNIT,LARGE,6417.0,54.6,22.0,14.3,47.7,51.8,87.0,70774.76,106279.57
490811000260000,District,Riverdale CUSD 100,Port Byron,Rock Island,UNIT,MEDIUM,1172.0,22.8,23.0,14.0,67.1,31.5,91.9,49338.27,90777.31
490812000260000,District,Sherrard CUSD 200,Sherrard,Rock Island,UNIT,MEDIUM,1464.0,28.6,16.0,12.8,51.5,48.5,85.3,45018.41,87326.52
490813000260000,District,Rockridge CUSD 300,Taylor Ridge,Rock Island,UNIT,MEDIUM,1081.0,20.7,19.0,13.8,46.2,51.1,89.2,54914.65,103816.6
500820090260000,District,Lebanon CUSD 9,Lebanon,Saint Clair,UNIT,MEDIUM,571.0,41.3,15.0,17.0,57.9,41.5,89.4,55864.7,93616.6
500820190260000,District,Mascoutah CUD 19,Mascoutah,Saint Clair,UNIT,LARGE,4037.0,22.2,22.0,13.0,37.7,62.3,88.3,51299.61,92161.25
500820400260000,District,Marissa CUSD 40,Marissa,Saint Clair,UNIT,MEDIUM,583.0,58.8,14.0,13.6,49.5,50.5,89.4,46599.9,90257.59
500820600260000,District,New Athens CUSD 60,New Athens,Saint Clair,UNIT,MEDIUM,505.0,23.6,19.0,13.3,50.0,50.0,88.0,46410.77,92295.79
500820770160000,District,Freeburg CHSD 77,Freeburg,Saint Clair,HIGH SCHOOL,SMALL,639.0,13.5,21.0,13.6,25.6,74.4,95.4,61427.73,93986.67
500821870260000,District,Cahokia CUSD 187,Cahokia,Saint Clair,UNIT,LARGE,3433.0,88.5,23.0,15.1,52.7,46.0,80.6,60670.11,99262.57
500821880220000,District,Brooklyn UD 188,Lovejoy,Saint Clair,UNIT,SMALL,124.0,99.2,2.0,13.6,70.0,30.0,83.3,50134.85,113291.51
500821890220000,District,East St Louis SD 189,East Saint Louis,Saint Clair,UNIT,LARGE,5718.0,82.5,17.0,10.8,43.2,56.1,75.8,63392.77,97685.79
500821960260000,District,Dupo CUSD 196,Dupo,Saint Clair,UNIT,MEDIUM,1040.0,58.3,17.0,11.7,57.1,42.9,91.3,47795.87,96239.27
500822010170000,District,Belleville Twp HSD 201,Belleville,Saint Clair,HIGH SCHOOL,LARGE,4735.0,45.1,19.0,15.9,33.1,66.1,92.8,73644.55,108767.39
500822030170000,District,O Fallon Twp HSD 203,O Fallon,Saint Clair,HIGH SCHOOL,MEDIUM,2443.0,21.5,20.0,14.7,23.9,73.9,94.7,62382.4,111454.35
510652000260000,District,Greenview CUSD 200,Greenview,Menard,UNIT,SMALL,232.0,43.1,14.0,10.4,56.0,44.0,83.3,43397.09,86215.77
510652020260000,District,Porta CUSD 202,Petersburg,Menard,UNIT,MEDIUM,1145.0,40.2,18.0,15.0,49.4,49.4,90.1,45559.48,98200.41
510652130260000,District,Athens CUSD 213,Athens,Menard,UNIT,MEDIUM,1120.0,32.2,20.0,14.6,63.8,36.2,89.2,44857.12,100527.02
510840010260000,District,Tri City CUSD 1,Buffalo,Sangamon,UNIT,MEDIUM,564.0,37.6,16.0,12.1,84.4,15.6,71.7,40704.82,93040.58
510840050260000,District,Ball Chatham CUSD 5,Chatham,Sangamon,UNIT,LARGE,4809.0,20.1,23.0,13.4,54.9,44.7,87.6,50678.58,88093.0
510840080260000,District,Pleasant Plains CUSD 8,Pleasant Plains,Sangamon,UNIT,MEDIUM,1269.0,10.9,23.0,15.9,61.9,38.1,91.5,65212.38,106814.27
510840100260000,District,Auburn CUSD 10,Auburn,Sangamon,UNIT,MEDIUM,1342.0,35.2,23.0,16.1,55.3,42.3,86.9,47109.33,95048.03
510840110260000,District,Pawnee CUSD 11,Pawnee,Sangamon,UNIT,MEDIUM,605.0,27.1,15.0,14.1,58.3,41.7,86.0,50809.36,93622.0
510840140260000,District,Riverton CUSD 14,Riverton,Sangamon,UNIT,MEDIUM,1387.0,53.1,19.0,12.4,63.1,36.9,81.9,51811.19,83681.25
510840150260000,District,Williamsville CUSD 15,Williamsville,Sangamon,UNIT,MEDIUM,1543.0,7.9,21.0,14.4,54.3,44.6,87.9,49179.93,104260.52
510840160260000,District,New Berlin CUSD 16,New Berlin,Sangamon,UNIT,MEDIUM,936.0,33.4,18.0,10.7,48.0,52.0,86.5,46047.91,97595.5
510841860250000,District,Springfield SD 186,Springfield,Sangamon,UNIT,LARGE,14295.0,67.5,20.0,14.6,47.2,52.6,89.9,59438.63,99802.81
530601260260000,District,Havana CUSD 126,Havana,Mason,UNIT,MEDIUM,946.0,55.6,18.0,16.2,33.4,66.6,86.2,50463.47,91481.77
530601890260000,District,Illini Central CUSD 189,Mason City,Mason,UNIT,MEDIUM,708.0,39.8,10.0,11.6,66.3,33.7,84.8,43717.74,78016.72
530601910260000,District,Midwest Central CUSD 191,Manito,Mason,UNIT,MEDIUM,942.0,55.0,16.0,14.4,56.8,43.2,86.6,51344.31,84981.21
530903030160000,District,Pekin CSD 303,Pekin,Tazewell,HIGH SCHOOL,MEDIUM,1849.0,42.9,19.0,10.9,55.7,41.4,85.0,48075.72,78343.07
530903080160000,District,Washington CHSD 308,Washington,Tazewell,HIGH SCHOOL,MEDIUM,1348.0,21.7,18.0,16.1,32.9,65.9,95.0,65180.25,95030.68
530903090160000,District,East Peoria CHSD 309,East Peoria,Tazewell,HIGH SCHOOL,MEDIUM,988.0,51.0,14.0,13.4,32.5,67.5,91.8,55827.43,89211.5
530907010260000,District,Deer Creek-Mackinaw CUSD 701,Mackinaw,Tazewell,UNIT,MEDIUM,1061.0,20.5,20.0,13.5,62.9,37.1,89.6,44838.98,86119.35
530907020260000,District,Tremont CUSD 702,Tremont,Tazewell,UNIT,MEDIUM,983.0,13.1,20.0,14.3,33.0,65.4,91.8,54632.97,92978.83
530907030260000,District,Delavan CUSD 703,Delavan,Tazewell,UNIT,SMALL,472.0,37.9,15.0,10.7,63.0,37.0,87.3,42396.7,89413.33
530907090260000,District,Morton CUSD 709,Morton,Tazewell,UNIT,LARGE,3073.0,14.9,23.0,13.8,40.3,59.7,90.2,54125.66,97428.88
531020060260000,District,Fieldcrest CUSD 6,Minonk,Woodford,UNIT,MEDIUM,984.0,47.0,18.0,14.6,46.8,53.2,60.9,55323.73,90843.96
531020110260000,District,El Paso-Gridley CUSD 11,El Paso,Woodford,UNIT,MEDIUM,1227.0,37.7,18.0,16.3,46.6,53.4,78.4,52631.91,98400.73
531020210260000,District,Lowpoint-Washburn CUSD 21,Washburn,Woodford,UNIT,SMALL,339.0,50.7,14.0,16.9,64.3,32.1,87.4,47560.27,84744.22
531020600260000,District,Roanoke Benson CUSD 60,Roanoke,Woodford,UNIT,MEDIUM,503.0,23.7,17.0,16.3,50.1,49.9,93.6,55360.63,119677.67
531021220170000,District,County of Woodford School,Metamora,Woodford,HIGH SCHOOL,MEDIUM,989.0,17.3,23.0,16.4,33.3,65.1,92.9,68637.5,91870.2
531021400260000,District,Eureka CUD 140,Eureka,Woodford,UNIT,MEDIUM,1583.0,22.0,20.0,15.7,36.3,62.7,90.6,57351.75,87885.64
540920010260000,District,Bismarck Henning CUSD,Bismarck,Vermilion,UNIT,MEDIUM,599.0,35.2,19.0,12.3,57.9,42.1,84.9,43468.32,88025.2
540920020260000,District,Westville CUSD 2,Westville,Vermilion,UNIT,MEDIUM,1316.0,59.9,19.0,12.3,70.3,29.7,81.6,43718.58,87848.24
540920040260000,District,Georgetown-Ridge Farm CUD 4,Georgetown,Vermilion,UNIT,MEDIUM,973.0,60.9,19.0,13.0,67.6,30.9,77.1,41828.1,74215.0
540920070260000,District,Rossville-Alvin CUSD 7,Rossville,Vermilion,UNIT,SMALL,304.0,48.4,15.0,8.1,73.7,26.3,72.3,40634.91,97350.0
540920100260000,District,Potomac CUSD 10,Potomac,Vermilion,UNIT,SMALL,156.0,46.8,16.0,11.3,70.4,22.2,81.1,37186.95,98500.0
540920110260000,District,Hoopeston Area CUSD 11,Hoopeston,Vermilion,UNIT,MEDIUM,1238.0,66.2,17.0,10.3,69.7,30.3,70.2,44369.44,75572.27
540920760260000,District,Oakwood CUSD 76,Oakwood,Vermilion,UNIT,MEDIUM,993.0,41.5,18.0,10.4,74.7,25.3,80.1,38067.23,74466.52
540921180240000,District,Danville CCSD 118,Danville,Vermilion,UNIT,LARGE,5631.0,68.7,19.0,12.8,51.5,48.5,79.5,54446.11,91382.86
540922250170000,District,Armstrong Twp HSD 225,Armstrong,Vermilion,HIGH SCHOOL,SMALL,134.0,42.5,9.0,11.1,50.0,50.0,83.3,45280.39,91297.33
540925120260000,District,Salt Fork Community Unit District  512,Catlin,Vermilion,UNIT,MEDIUM,907.0,42.7,19.0,15.3,58.9,41.1,89.6,49166.47,74706.32
560992020220000,District,Plainfield SD 202,Plainfield,Will,UNIT,LARGE,27102.0,27.2,21.0,12.0,36.9,62.9,88.2,60503.68,96101.47
560992040170000,District,Joliet Twp HSD 204,Joliet,Will,HIGH SCHOOL,LARGE,6719.0,60.2,23.0,13.2,18.3,79.9,92.0,77322.46,114960.85
560992050170000,District,Lockport Twp HSD 205,Lockport,Will,HIGH SCHOOL,LARGE,3746.0,17.8,22.0,13.9,20.3,79.7,93.1,81610.73,125175.08
560992100160000,District,Lincoln Way CHSD 210,New Lenox,Will,HIGH SCHOOL,LARGE,7010.0,6.8,20.0,14.5,9.4,90.6,88.4,87160.6,121663.65
11012002C260000,District,Marshall CUSD 2C,Marshall,Clark,UNIT,MEDIUM,1306.0,37.3,16.0,14.1,62.0,36.9,90.5,35821.66,68181.98
11012003C260000,District,Martinsville CUSD 3C,Martinsville,Clark,UNIT,SMALL,416.0,59.6,15.0,13.8,79.1,20.9,79.5,38679.25,96472.66
11012004C260000,District,Casey-Westfield CUSD 4C,Casey,Clark,UNIT,MEDIUM,890.0,76.3,17.0,16.8,55.8,40.7,87.5,50516.64,89250.32
11087003A260000,District,Cowden-Herrick CUSD 3A,Cowden,Shelby,UNIT,SMALL,356.0,66.3,14.0,13.8,73.5,26.5,91.9,41231.96,77262.0
11087005A260000,District,Stewardson-Strasburg CUD 5A,Strasburg,Shelby,UNIT,SMALL,355.0,36.1,17.0,12.2,61.9,38.1,88.9,44007.12,100250.0
17053006J260000,District,Tri Point CUSD 6-J,Kempton,Livingston,UNIT,SMALL,397.0,54.9,14.0,13.9,52.6,44.9,82.3,47687.96,99982.87
51084003A260000,District,Rochester CUSD 3A,Rochester,Sangamon,UNIT,LARGE,2253.0,13.8,24.0,15.4,52.9,47.1,89.4,49273.35,89930.73
56099200U260000,District,Beecher CUSD 200U,Beecher,Will,UNIT,MEDIUM,1014.0,20.7,18.0,13.2,36.4,63.6,89.0,60866.54,93750.38
56099201U260000,District,Crete Monee CUSD 201U,Crete,Will,UNIT,LARGE,4893.0,68.5,21.0,11.7,39.3,60.7,82.3,59303.62,105027.16
56099207U260000,District,Peotone CUSD 207U,Peotone,Will,UNIT,MEDIUM,1478.0,20.6,18.0,13.9,55.2,43.8,80.6,45051.57,91263.46
56099209U260000,District,Wilmington CUSD 209U,Wilmington,Will,UNIT,MEDIUM,1355.0,42.0,20.0,11.9,47.9,49.9,88.6,47004.75,99781.38
56099255U260000,District,Reed Custer CUSD 255U,Braidwood,Will,UNIT,MEDIUM,1500.0,38.7,21.0,13.5,31.3,68.7,83.5,57410.56,107871.6
56099365U260000,District,Valley View CUSD 365U,Romeoville,Will,UNIT,LARGE,16826.0,62.4,21.0,11.8,26.8,73.0,86.2,63055.67,92895.94
