RCDTS,County ,Dist # ,District Name/ School Name,City,ELA,Math
010010010260000,Adams,10,Payson CUSD 1,Payson,524.3,489.1
010010010260001,Adams,10,Seymour High School,Payson,524.3,489.1
010010020260000,Adams,20,Liberty CUSD 2,Liberty,500.9,485.4
010010020260001,Adams,20,Liberty High School,Liberty,500.9,485.4
010010030260000,Adams,30,Central CUSD 3,Camp Point,490.6,488.3
010010030260001,Adams,30,Central High School,Camp Point,490.6,488.3
010010040260000,Adams,40,CUSD 4,Mendon,505.9,485.0
010010040260001,Adams,40,Unity High School,Mendon,505.9,485.0
010011720220000,Adams,1720,Quincy SD 172,Quincy,489.8,473.6
010011720220003,Adams,1720,Quincy Sr High School,Quincy,489.9,473.8
010050010260000,Brown,10,Brown County CUSD 1,Mount Sterling,523.5,493.0
010050010260001,Brown,10,Brown County High School,Mount Sterling,523.5,493.0
010090150260000,Cass,150,Beardstown CUSD 15,Beardstown,434.7,422.1
010090150260007,Cass,150,Beardstown Jr/Sr High School,Beardstown,436.3,423.0
010090640260000,Cass,640,Virginia CUSD 64,Virginia,471.3,468.7
010090640260003,Cass,640,Virginia Jr/ Sr High School,Virginia,471.3,468.7
010092620260000,Cass,2620,A-C Central CUSD 262,Ashland,494.0,492.7
010092620260002,Cass,2620,A-C Central High School,Ashland,494.0,492.7
010690010260000,Morgan,10,Franklin CUSD 1,Franklin,516.2,475.4
010690010260001,Morgan,10,Franklin Jr/Sr High School,Franklin,516.2,475.4
010690060260000,Morgan,60,Waverly CUSD 6,Waverly,492.2,491.9
010690060260001,Morgan,60,Waverly Junior/Senior High School,Waverly,494.2,495.8
010690110260000,Morgan,110,Meredosia-Chambersburg CUSD 11,Meredosia,463.6,441.8
010690110260001,Morgan,110,Meredosia-Chambersburg High Sch,Meredosia,463.6,441.8
010690270260000,Morgan,270,Triopia CUSD 27,Concord,536.7,516.0
010690270260001,Morgan,270,Triopia Jr-Sr High School,Concord,536.7,516.0
010691170220000,Morgan,1170,Jacksonville SD 117,Jacksonville,485.7,469.7
010691170220014,Morgan,1170,Jacksonville High School,Jacksonville,485.8,470.0
010750030260000,Pike,30,Pleasant Hill CUSD 3,Pleasant Hill,459.4,438.9
010750030260002,Pike,30,Pleasant Hill High School,Pleasant Hill,468.2,448.8
010750040260000,Pike,40,Griggsville-Perry CUSD 4,Griggsville,446.8,424.1
010750040260002,Pike,40,Griggsville-Perry High School,Griggsville,449.0,426.2
010750100260000,Pike,100,Pikeland CUSD 10,Pittsfield,505.7,480.3
010750100260009,Pike,100,Pittsfield High School,Pittsfield,505.7,480.3
010750120260000,Pike,120,Western CUSD 12,Barry,498.6,504.7
010750120260001,Pike,120,Western High School,Barry,498.6,504.7
010860010260000,Scott,10,Winchester CUSD 1,Winchester,490.6,476.2
010860010260001,Scott,10,Winchester High School,Winchester,490.6,476.2
010860020260000,Scott,20,Scott-Morgan CUSD 2,Bluffs,438.3,428.3
010860020260001,Scott,20,Bluffs High School,Bluffs,438.3,428.3
030030010260000,Bond,10,Mulberry Grove CUSD 1,Mulberry Grove,484.4,488.5
030030010260001,Bond,10,Mulberry Grove Sr High School,Mulberry Grove,484.4,488.5
030030020260000,Bond,20,Bond County CUSD 2,Greenville,515.2,506.7
030030020260001,Bond,20,Bond Cty Comm Unit 2 High School,Greenville,515.2,506.7
030110010260000,Christian,10,Morrisonville CUSD 1,Morrisonville,517.1,484.3
030110010260002,Christian,10,Morrisonville High School,Morrisonville,517.1,484.3
030110030260000,Christian,30,Taylorville CUSD 3,Taylorville,501.3,500.9
030110030260006,Christian,30,Taylorville Sr High School,Taylorville,505.3,505.3
030110040260000,Christian,40,Edinburg CUSD 4,Edinburg,468.3,460.8
030110040260002,Christian,40,Edinburg High School,Edinburg,468.3,460.8
030110080260000,Christian,80,Pana CUSD 8,Pana,487.8,467.1
030110080260006,Christian,80,Pana Sr High School,Pana,487.8,467.1
030110140240000,Christian,140,South Fork SD 14,Kincaid,444.3,430.7
030110140240001,Christian,140,South Fork Jr Sr High School,Kincaid,444.3,430.7
030250100260000,Effingham,100,Altamont CUSD 10,Altamont,498.3,507.0
030250100260001,Effingham,100,Altamont High School,Altamont,498.3,507.0
030250200260000,Effingham,200,Beecher City CUSD 20,Beecher City,529.4,520.0
030250200260001,Effingham,200,Beecher City Jr-Sr High School,Beecher City,529.4,520.0
030250300260000,Effingham,300,Dieterich CUSD 30,Dieterich,482.0,494.0
030250300260001,Effingham,300,Dieterich Jr/Sr High School,Dieterich,482.0,494.0
030250400260000,Effingham,400,Effingham CUSD 40,Effingham,508.6,500.0
030250400260001,Effingham,400,Effingham High School,Effingham,509.7,501.8
030250500260000,Effingham,500,Teutopolis CUSD 50,Teutopolis,537.6,553.0
030250500260001,Effingham,500,Teutopolis High School,Teutopolis,537.6,553.0
030262010260000,Fayette,2010,Brownstown CUSD 201,Brownstown,442.1,425.3
030262010260003,Fayette,2010,Brownstown High School,Brownstown,442.1,425.3
030262020260000,Fayette,2020,St Elmo CUSD 202,Saint Elmo,461.5,448.1
030262020260002,Fayette,2020,St Elmo Sr High School,Saint Elmo,461.5,448.1
030262030260000,Fayette,2030,Vandalia CUSD 203,Vandalia,470.7,461.9
030262030260001,Fayette,2030,Vandalia Community High School,Vandalia,471.3,461.8
030262040260000,Fayette,2040,Ramsey CUSD 204,Ramsey,456.1,432.1
030262040260002,Fayette,2040,Ramsey High School,Ramsey,456.1,432.1
030680020260000,Montgomery,20,Panhandle CUSD 2,Raymond,483.8,460.0
030680020260001,Montgomery,20,Lincolnwood High School,Raymond,483.8,460.0
030680030260000,Montgomery,30,Hillsboro CUSD 3,Hillsboro,492.9,461.9
030680030260001,Montgomery,30,Hillsboro High School,Hillsboro,492.9,461.9
030680120260000,Montgomery,120,Litchfield CUSD 12,Litchfield,457.6,454.9
030680120260001,Montgomery,120,Litchfield Senior High School,Litchfield,457.6,454.9
030680220260000,Montgomery,220,Nokomis CUSD 22,Nokomis,479.5,472.7
030680220260001,Montgomery,220,Nokomis Jr/Sr High Sch,Nokomis,479.5,472.7
040041000260000,Boone,1000,Belvidere CUSD 100,Belvidere,495.1,480.9
040041000260001,Boone,1000,Belvidere High School,Belvidere,483.6,465.5
040041000260002,Boone,1000,Belvidere North High Sch,Belvidere,505.3,494.7
040042000260000,Boone,2000,North Boone CUSD 200,Poplar Grove,512.5,496.0
040042000260003,Boone,2000,North Boone High School,Poplar Grove,512.5,496.0
041011220220000,Winnebago,1220,Harlem UD 122,Machesney Park,495.0,470.0
041011220220002,Winnebago,1220,Harlem High School,Machesney Park,495.0,470.0
041012050250000,Winnebago,2050,Rockford SD 205,Rockford,465.5,450.6
041012050250001,Winnebago,2050,Auburn High School,Rockford,510.6,501.8
041012050250002,Winnebago,2050,Rockford East High School,Rockford,464.5,445.1
041012050250003,Winnebago,2050,Guilford High School,Rockford,465.2,447.6
041012050250004,Winnebago,2050,Jefferson High School,Rockford,454.1,443.8
041012070160000,Winnebago,2070,Hononegah CHD 207,Rockton,559.8,549.4
041012070160001,Winnebago,2070,Hononegah High School,Rockton,560.5,550.2
041013200260000,Winnebago,3200,County of Winnebago SD 320,South Beloit,495.5,497.8
041013200260001,Winnebago,3200,South Beloit Sr High School,South Beloit,495.5,497.8
041013210260000,Winnebago,3210,Pecatonica CUSD 321,Pecatonica,531.7,528.6
041013210260001,Winnebago,3210,Pecatonica High School,Pecatonica,528.6,525.0
041013220260000,Winnebago,3220,Durand CUSD 322,Durand,494.8,473.6
041013220260001,Winnebago,3220,Durand High School,Durand,496.1,474.1
041013230260000,Winnebago,3230,Winnebago CUSD 323,Winnebago,524.0,518.7
041013230260001,Winnebago,3230,Winnebago High School,Winnebago,524.0,518.7
050162020170000,Cook,2020,Evanston Twp HSD 202,Evanston,552.4,551.6
050162020170001,Cook,2020,Evanston Twp High School,Evanston,553.3,553.5
050162030170000,Cook,2030,New Trier Twp HSD 203,Northfield,615.3,619.7
050162030170001,Cook,2030,New Trier Township H S Winnetka,Winnetka,615.7,620.2
050162070170000,Cook,2070,Maine Township HSD 207,Park Ridge,531.3,539.4
050162070170001,Cook,2070,Maine East High School,Park Ridge,500.7,504.0
050162070170003,Cook,2070,Maine South High School,Park Ridge,573.0,586.9
050162070170004,Cook,2070,Maine West High School,Des Plaines ,507.5,514.5
050162110170000,Cook,2110,Township HSD 211,Palatine,537.2,555.6
050162110170001,Cook,2110,J B Conant High School,Hoffman Estates,542.7,568.2
050162110170002,Cook,2110,Wm Fremd High School,Palatine,586.8,609.7
050162110170003,Cook,2110,Palatine High School,Palatine,504.9,513.0
050162110170004,Cook,2110,Schaumburg High School,Schaumburg,535.7,562.6
050162110170006,Cook,2110,Hoffman Estates High School,Hoffman Estates,510.2,520.3
050162140170000,Cook,2140,Township HSD 214,Arlington Heights,544.6,553.4
050162140170002,Cook,2140,Elk Grove High School,Elk Grove Village,517.4,530.9
050162140170004,Cook,2140,John Hersey High School,Arlington Heights,589.4,593.2
050162140170005,Cook,2140,Prospect High School,Mt Prospect,584.2,589.5
050162140170006,Cook,2140,Wheeling High School,Wheeling,506.5,518.8
050162140170007,Cook,2140,Rolling Meadows High School,Rolling Meadows,539.8,545.4
050162140170008,Cook,2140,Buffalo Grove High School,Buffalo Grove,542.7,560.0
050162190170000,Cook,2190,Niles Twp HSD 219,Skokie,529.9,535.3
050162190170002,Cook,2190,Niles North High School,Skokie,534.8,537.3
050162190170003,Cook,2190,Niles West High School,Skokie,528.8,537.3
050162250170000,Cook,2250,Northfield Twp HSD 225,Glenview,590.6,599.3
050162250170001,Cook,2250,Glenbrook North High School,Northbrook,605.4,619.6
050162250170002,Cook,2250,Glenbrook South High School,Glenview,584.9,591.0
060162000130000,Cook,2000,Oak Park - River Forest SD 200,Oak Park,570.0,560.4
060162000130001,Cook,2000,Oak Park & River Forest High Sch,Oak Park,570.7,562.6
060162010170000,Cook,2010,J S Morton HSD 201,Cicero,450.5,423.1
060162010170001,Cook,2010,J Sterling Morton East High Sch,Cicero,445.7,422.1
060162010170002,Cook,2010,J Sterling Morton West High Sch,Berwyn,457.7,425.3
060162040170000,Cook,2040,Lyons Twp HSD 204,La Grange,561.5,570.9
060162040170001,Cook,2040,Lyons Twp High Sch,La Grange,562.5,572.3
060162080170000,Cook,2080,Riverside-Brookfield Twp SD 208,Riverside,538.8,535.7
060162080170001,Cook,2080,Riverside Brookfield Twp HS,Riverside,538.3,535.4
060162090170000,Cook,2090,Proviso Twp HSD 209,Forest Park,458.7,445.3
060162090170001,Cook,2090,Proviso East High School,Maywood,424.7,407.6
060162090170002,Cook,2090,Proviso West High School,Hillside,429.5,420.8
060162090170003,Cook,2090,Proviso Math and Science Academy,Forest Park,589.9,575.2
060162120160000,Cook,2120,Leyden CHSD 212,Franklin Park,484.6,477.0
060162120160001,Cook,2120,East Leyden High School,Franklin Park,489.1,484.2
060162120160002,Cook,2120,West Leyden High School,Northlake,483.1,473.2
060162340160000,Cook,2340,Ridgewood CHSD 234,Norridge,512.7,488.2
060162340160001,Cook,2340,Ridgewood Comm High School,Norridge,514.6,489.8
060164010260000,Cook,4010,Elmwood Park CUSD 401,Elmwood Park,476.1,475.2
060164010260001,Cook,4010,Elmwood Park High School,Elmwood Park,476.1,475.2
070162050170000,Cook,2050,Thornton Twp HSD 205,South Holland,430.3,420.2
070162050170001,Cook,2050,Thornton Township High School,Harvey,440.9,427.5
070162050170002,Cook,2050,Thornridge High School,Dolton,429.9,423.4
070162050170003,Cook,2050,Thornwood High School,South Holland,436.7,429.4
070162060170000,Cook,2060,Bloom Twp HSD 206,Chicago Heights,459.9,437.1
070162060170001,Cook,2060,Bloom High School,Chicago Heights,456.8,437.7
070162060170002,Cook,2060,Bloom Trail High School,Chicago Heights,464.7,437.2
070162100170000,Cook,2100,Lemont Twp HSD 210,Lemont,551.6,558.1
070162100170001,Cook,2100,Lemont Twp High School,Lemont,553.1,560.3
070162150170000,Cook,2150,Thornton Fractional Twp HSD 215,Lansing,458.5,447.3
070162150170001,Cook,2150,Thornton Fractnl No High School,Calumet City,449.6,441.3
070162150170002,Cook,2150,Thornton Fractnl So High School,Lansing,466.0,453.2
070162170160000,Cook,2170,Argo CHSD 217,Summit,477.2,488.6
070162170160001,Cook,2170,Argo Community High School,Summit,478.0,489.4
070162180160000,Cook,2180,CHSD 218,Oak Lawn,472.1,467.6
070162180160001,Cook,2180,DD Eisenhower High Sch (Campus),Blue Island,455.4,454.2
070162180160004,Cook,2180,H L Richards High Sch(Campus),Oak Lawn,481.1,480.9
070162180160007,Cook,2180,A B Shepard High Sch (Campus),Palos Heights,491.8,483.3
070162200170000,Cook,2200,Reavis Twp HSD 220,Burbank,486.2,482.0
070162200170001,Cook,2200,Reavis High School,Burbank,486.5,482.9
070162270170000,Cook,2270,Rich Twp HSD 227,Matteson,449.6,429.3
070162270170001,Cook,2270,Rich East Campus High School,Park Forest,456.5,425.5
070162270170002,Cook,2270,Rich Central Campus High School,Olympia Fields,447.9,432.3
070162270170003,Cook,2270,Rich South Campus High School,Richton Park,449.3,434.3
070162280160000,Cook,2280,Bremen CHSD 228,Midlothian,470.6,462.9
070162280160001,Cook,2280,Bremen High School,Midlothian,462.9,459.0
070162280160002,Cook,2280,Tinley Park High School,Tinley Park,498.0,487.7
070162280160003,Cook,2280,Hillcrest High School,Country Club Hills,440.5,419.4
070162280160004,Cook,2280,Oak Forest High School,Oak Forest,492.4,495.6
070162290160000,Cook,2290,Oak Lawn CHSD 229,Oak Lawn,477.1,479.5
070162290160001,Cook,2290,Oak Lawn Comm High School,Oak Lawn,477.8,480.3
070162300130000,Cook,2300,Cons HSD 230,Orland Park,526.3,530.1
070162300130001,Cook,2300,Carl Sandburg High School,Orland Park,546.3,542.7
070162300130002,Cook,2300,Amos Alonzo Stagg High School,Palos Hills,509.1,523.4
070162300130003,Cook,2300,Victor J Andrew High School,Orland Hills,519.2,524.3
070162310160000,Cook,2310,Evergreen Park CHSD 231,Evergreen Park,507.0,505.9
070162310160001,Cook,2310,Evergreen Park High School,Evergreen Park,507.6,506.9
070162330160000,Cook,2330,Homewood Flossmoor CHSD 233,Flossmoor,512.8,493.8
070162330160001,Cook,2330,Homewood-Flossmoor High School,Flossmoor,513.1,494.1
070169010250000,Cook,9010,Southland College Prep Charter High School,Richton Park,526.6,512.2
080083080260000,Carroll,3080,Eastland CUSD 308,Lanark,488.7,492.3
080083080260001,Carroll,3080,Eastland Jr/Sr High School,Lanark,488.7,492.3
080083140260000,Carroll,3140,West Carroll CUSD 314,Mount Carroll,473.8,432.5
080083140260001,Carroll,3140,West Carroll High School,Savanna,474.9,433.7
080083990260000,Carroll,3990,Chadwick-Milledgeville CUSD 399,Chadwick,468.8,459.8
080083990260002,Carroll,3990,Milledgeville High School,Milledgeville,469.3,461.0
080431190220000,Jo Daviess,1190,East Dubuque USD 119,East Dubuque,524.3,530.7
080431190220003,Jo Daviess,1190,East Dubuque High School,East Dubuque,524.3,530.7
080431200220000,Jo Daviess,1200,Galena USD 120,Galena,522.5,509.3
080431200220002,Jo Daviess,1200,Galena High School,Galena,522.5,509.3
080432050260000,Jo Daviess,2050,Warren CUSD 205,Warren,489.2,499.2
080432050260001,Jo Daviess,2050,Warren Jr/Sr High School,Warren,489.2,499.2
080432060260000,Jo Daviess,2060,Stockton CUSD 206,Stockton,512.8,490.8
080432060260003,Jo Daviess,2060,Stockton Sr High School,Stockton,515.6,491.5
080432100260000,Jo Daviess,2100,River Ridge CUSD 210,Hanover,503.9,526.4
080432100260002,Jo Daviess,2100,River Ridge High School,Hanover,503.9,526.4
080432110260000,Jo Daviess,2110,Scales Mound CUSD 211,Scales Mound,550.9,580.0
080432110260002,Jo Daviess,2110,Scales Mound High School,Scales Mound,550.9,580.0
080891450220000,Stephenson,1450,Freeport SD 145,Freeport,484.3,447.3
080891450220001,Stephenson,1450,Freeport High School,Freeport,484.3,447.3
080892000260000,Stephenson,2000,Pearl City CUSD 200,Pearl City,544.4,541.5
080892000260001,Stephenson,2000,Pearl City High School,Pearl City,544.4,541.5
080892010260000,Stephenson,2010,Dakota CUSD 201,Dakota,509.4,510.9
080892010260001,Stephenson,2010,Dakota Jr Sr High School,Dakota,509.4,510.9
080892020260000,Stephenson,2020,Lena Winslow CUSD 202,Lena,522.0,507.6
080892020260001,Stephenson,2020,Lena-Winslow High School,Lena,522.0,507.6
080892030260000,Stephenson,2030,Orangeville CUSD 203,Orangeville,497.9,490.0
080892030260001,Stephenson,2030,Orangeville High School,Orangeville,501.9,493.7
090100010260000,Champaign,10,Fisher CUSD 1,Fisher,511.7,515.7
090100010260001,Champaign,10,Fisher Jr/Sr High School,Fisher,511.7,515.7
090100030260000,Champaign,30,Mahomet-Seymour CUSD 3,Mahomet,583.9,605.0
090100030260001,Champaign,30,Mahomet-Seymour High School,Mahomet,583.9,605.0
090100040260000,Champaign,40,Champaign CUSD 4,Champaign,511.2,514.1
090100040260001,Champaign,40,Centennial High School,Champaign,513.9,519.8
090100040260002,Champaign,40,Central High School,Champaign,518.1,521.7
090100070260000,Champaign,70,Tolono CUSD 7,Tolono,505.2,518.3
090100070260007,Champaign,70,Unity High School,Tolono,506.1,519.6
090100080260000,Champaign,80,Heritage CUSD 8,Homer,494.3,450.0
090100080260001,Champaign,80,Heritage High School,Broadlands,494.3,450.0
090101160220000,Champaign,1160,Urbana SD 116,Urbana,485.2,456.7
090101160220001,Champaign,1160,Urbana High School,Urbana,486.7,458.5
090101930170000,Champaign,1930,Rantoul Township HSD 193,Rantoul,450.8,435.8
090101930170001,Champaign,1930,Rantoul Twp High School,Rantoul,452.0,436.1
090103050160000,Champaign,3050,St Joseph Ogden CHSD 305,Saint Joseph,546.3,563.7
090103050160001,Champaign,3050,St Joseph-Ogden High School,Saint Joseph,546.3,563.7
090270050260000,Ford,50,Gibson City-Melvin-Sibley CUSD 5,Gibson City,543.2,526.7
090270050260001,Ford,50,GCMS High School,Gibson City,543.2,526.7
090270100260000,Ford,100,Paxton-Buckley-Loda CUD 10,Paxton,501.2,509.9
090270100260001,Ford,100,Paxton-Buckley-Loda High School,Paxton,502.7,511.6
110150010260000,Coles,10,Charleston CUSD 1,Charleston,513.8,498.3
110150010260001,Coles,10,Charleston High School,Charleston,513.8,498.3
110150020260000,Coles,20,Mattoon CUSD 2,Mattoon,502.1,489.5
110150020260001,Coles,20,Mattoon High School,Mattoon,504.3,491.7
110150050260000,Coles,50,Oakland CUSD 5,Oakland,513.2,472.1
110150050260002,Coles,50,Oakland High School,Oakland,517.2,480.0
110180030260000,Cumberland,30,Neoga CUSD 3,Neoga,505.8,495.0
110180030260001,Cumberland,30,Neoga Jr/Sr High School,Neoga,505.8,495.0
110180770260000,Cumberland,770,Cumberland CUSD 77,Toledo,493.3,465.4
110180770260001,Cumberland,770,Cumberland High School,Toledo,495.5,467.6
110213010260000,Douglas,3010,Tuscola CUSD 301,Tuscola,541.5,521.0
110213010260001,Douglas,3010,Tuscola High School,Tuscola,541.5,521.0
110213020260000,Douglas,3020,Villa Grove CUSD 302,Villa Grove,486.2,458.5
110213020260001,Douglas,3020,Villa Grove High School,Villa Grove,488.4,461.6
110213050260000,Douglas,3050,Arthur CUSD 305,Arthur,490.3,486.0
110213050260001,Douglas,3050,Arthur-Lovington-Atwood-Hammond High School,Arthur,490.1,487.9
110213060260000,Douglas,3060,Arcola CUSD 306,Arcola,483.7,450.8
110213060260001,Douglas,3060,Arcola High School,Arcola,483.7,450.8
110230010260000,Edgar,10,Shiloh CUSD 1,Hume,457.3,433.3
110230010260001,Edgar,10,Shiloh High School,Hume,460.7,435.9
110230030260000,Edgar,30,Kansas CUSD 3,Kansas,518.9,493.3
110230030260001,Edgar,30,Kansas High School,Kansas,518.9,493.3
110230060260000,Edgar,60,Edgar County CUD 6,Chrisman,454.4,413.0
110230060260001,Edgar,60,Chrisman High School,Chrisman,454.4,413.0
110238000800000,Edgar,8000,Paris Cooperative High School,Paris,486.1,479.5
110238000800001,Edgar,8000,Paris Cooperative High School,Paris,486.1,479.5
110703000260000,Moultrie,3000,Sullivan CUSD 300,Sullivan,513.6,490.4
110703000260004,Moultrie,3000,Sullivan High School,Sullivan,513.6,490.4
110703020260000,Moultrie,3020,Okaw Valley CUSD 302,Bethany,486.3,434.4
110703020260001,Moultrie,3020,Okaw Valley High School,Bethany,486.3,434.4
110870010260000,Shelby,10,Windsor CUSD 1,Windsor,466.8,461.4
110870010260002,Shelby,10,Windsor Jr & Sr High School,Windsor,466.8,461.4
110870040260000,Shelby,40,Shelbyville CUSD 4,Shelbyville,499.2,505.5
110870040260001,Shelby,40,Shelbyville High School,Shelbyville,499.2,505.5
110870210260000,Shelby,210,Central A & M CUD 21,Assumption,502.4,468.6
110870210260001,Shelby,210,Central A & M High School,Moweaqua,504.8,470.3
120130100260000,Clay,100,Clay City CUSD 10,Clay City,442.0,464.0
120130100260002,Clay,100,Clay City High School,Clay City,442.0,464.0
120130250260000,Clay,250,North Clay CUSD 25,Louisville,500.8,483.9
120130250260001,Clay,250,North Clay Community High School,Louisville,500.8,483.9
120130350260000,Clay,350,Flora CUSD 35,Flora,486.9,451.2
120130350260001,Clay,350,Flora High School,Flora,486.9,451.2
120170010260000,Crawford,10,Hutsonville CUSD 1,Hutsonville,525.9,483.7
120170010260001,Crawford,10,Hutsonville High School,Hutsonville,525.9,483.7
120170020260000,Crawford,20,Robinson CUSD 2,Robinson,514.7,495.3
120170020260001,Crawford,20,Robinson High School,Robinson,514.7,495.3
120170030260000,Crawford,30,Palestine CUSD 3,Palestine,474.0,462.0
120170030260001,Crawford,30,Palestine High School,Palestine,474.0,462.0
120170040260000,Crawford,40,Oblong CUSD 4,Oblong,473.4,465.7
120170040260001,Crawford,40,Oblong High School,Oblong,473.4,465.7
120400010260000,Jasper,10,Jasper County CUD 1,Newton,489.4,493.6
120400010260001,Jasper,10,Newton Comm High School,Newton,489.4,493.6
120510100260000,Lawrence,100,Red Hill CUSD 10,Bridgeport,488.7,473.5
120510100260001,Lawrence,100,Red Hill Jr/Sr High School,Bridgeport,488.7,473.5
120510200260000,Lawrence,200,Lawrence County CUD 20,Lawrenceville,477.8,448.1
120510200260008,Lawrence,200,Lawrenceville High School,Lawrenceville,477.8,448.1
120800010260000,Richland,10,Richland County CUSD 1,Olney,492.8,484.2
120800010260001,Richland,10,Richland County High School,Olney,492.8,484.2
130140010260000,Clinton,10,Carlyle CUSD 1,Carlyle,488.0,497.1
130140010260001,Clinton,10,Carlyle High School,Carlyle,488.0,497.1
130140030260000,Clinton,30,Wesclin CUSD 3,Trenton,531.0,522.6
130140030260006,Clinton,30,Wesclin Sr High School,Trenton,531.0,522.6
130140710160000,Clinton,710,Central CHSD 71,Breese,525.5,531.6
130140710160001,Clinton,710,Central Comm High School,Breese,525.5,531.6
130410010260000,Jefferson,10,Waltonville CUSD 1,Waltonville,489.5,455.5
130410010260001,Jefferson,10,Waltonville High School,Waltonville,489.5,455.5
130412010170000,Jefferson,2010,Mt Vernon Twp HSD 201,Mount Vernon,465.4,451.7
130412010170001,Jefferson,2010,Mount Vernon High School,Mount Vernon,466.0,452.6
130412090270000,Jefferson,2090,Woodlawn Unit School District 209,Woodlawn,482.0,478.8
130412090270001,Jefferson,2090,Woodlawn High School,Woodlawn,482.0,478.8
130413180270000,Jefferson,3180,Bluford Unit School District 318,Bluford,457.5,443.4
130413180270001,Jefferson,3180,Webber High School,Bluford,460.6,445.2
130581000260000,Marion,1000,Patoka CUSD 100,Patoka,456.4,427.3
130581000260002,Marion,1000,Patoka Sr High School,Patoka,456.4,427.3
130582000170000,Marion,2000,Centralia HSD 200,Centralia,475.9,463.9
130582000170001,Marion,2000,Centralia High School,Centralia,475.9,463.9
130584010260000,Marion,4010,South Central CUD 401,Kinmundy,459.7,461.0
130584010260001,Marion,4010,South Central High School,Farina,459.7,461.0
130585010260000,Marion,5010,Sandoval CUSD 501,Sandoval,472.1,429.1
130585010260001,Marion,5010,Sandoval Sr High School,Sandoval,472.1,429.1
130586000160000,Marion,6000,Salem CHSD 600,Salem,477.6,461.7
130586000160001,Marion,6000,Salem Community High School,Salem,477.6,461.7
130587220260000,Marion,7220,Odin PSD 722,Odin,455.0,429.2
130587220260001,Marion,7220,Odin Attendance Center 9-12,Odin,455.0,429.2
130950100260000,Washington,100,West Washington Co CUD 10,Okawville,504.4,486.9
130950100260001,Washington,100,Okawville Jr/Sr High School,Okawville,504.4,486.9
130950990160000,Washington,990,Nashville CHSD 99,Nashville,497.1,508.0
130950990160001,Washington,990,Nashville Comm High School,Nashville,503.5,517.5
150162990250000,Cook,2990,City of Chicago SD 299,Chicago,477.7,473.7
150162990250001,Cook,2990,Amundsen High School,Chicago,502.3,505.6
150162990250003,Cook,2990,Bogan High School,Chicago,416.6,407.2
150162990250006,Cook,2990,Carver Military Academy HS,Chicago,475.2,463.5
150162990250011,Cook,2990,Farragut Career Academy HS,Chicago,430.4,423.8
150162990250012,Cook,2990,Fenger Academy High School,Chicago,427.8,408.1
150162990250013,Cook,2990,Foreman High School,Chicago,416.6,421.3
150162990250014,Cook,2990,Back of The Yards IB HS,Chicago,481.9,501.4
150162990250015,Cook,2990,Gage Park High School,Chicago,406.3,389.5
150162990250016,Cook,2990,Harlan Community Academy HS,Chicago,423.3,403.3
150162990250017,Cook,2990,Harper High School,Chicago,397.6,385.6
150162990250019,Cook,2990,Hirsch Metropolitan High School,Chicago,397.7,384.6
150162990250020,Cook,2990,Hubbard High School,Chicago,446.6,439.7
150162990250021,Cook,2990,Hyde Park Academy High School,Chicago,422.4,413.3
150162990250022,Cook,2990,Kelly High School,Chicago,449.3,451.4
150162990250023,Cook,2990,Kelvyn Park High School,Chicago,418.3,411.3
150162990250024,Cook,2990,Kennedy High School,Chicago,490.2,472.4
150162990250025,Cook,2990,Kenwood Academy High School,Chicago,522.8,514.8
150162990250026,Cook,2990,Lake View High School,Chicago,470.8,466.4
150162990250027,Cook,2990,Lane Technical High School,Chicago,610.2,620.0
150162990250029,Cook,2990,Marshall Metropolitan High School,Chicago,410.6,395.6
150162990250030,Cook,2990,Mather High School,Chicago,454.7,469.9
150162990250031,Cook,2990,Morgan Park High School,Chicago,460.0,442.4
150162990250034,Cook,2990,Phillips Academy High School,Chicago,430.0,423.1
150162990250035,Cook,2990,Roosevelt High School,Chicago,431.2,417.6
150162990250036,Cook,2990,Schurz High School,Chicago,441.8,428.9
150162990250037,Cook,2990,Senn High School,Chicago,465.9,473.6
150162990250039,Cook,2990,King College Prep High School,Chicago,515.7,506.8
150162990250041,Cook,2990,Steinmetz College Prep HS,Chicago,433.1,427.1
150162990250042,Cook,2990,Sullivan High School,Chicago,416.3,414.7
150162990250043,Cook,2990,Taft High School,Chicago,493.3,477.9
150162990250044,Cook,2990,Tilden Career Communty Academy HS,Chicago,416.9,404.3
150162990250046,Cook,2990,Von Steuben Metro Science HS,Chicago,505.3,521.6
150162990250047,Cook,2990,Lincoln Park High School,Chicago,540.0,545.1
150162990250048,Cook,2990,Washington G High School,Chicago,471.5,463.2
150162990250049,Cook,2990,Wells Community Academy HS,Chicago,426.0,425.8
150162990250052,Cook,2990,Crane Medical Prep HS,Chicago,459.8,466.3
150162990250053,Cook,2990,Disney II Magnet HS,Chicago,520.6,474.9
150162990250526,Cook,2990,Chicago Vocational Career Acad HS,Chicago,422.0,406.3
150162990250531,Cook,2990,Dunbar Vocational Career Acad HS,Chicago,412.8,382.9
150162990250533,Cook,2990,Jones College Prep High School,Chicago,635.6,642.1
150162990250534,Cook,2990,Prosser Career Academy HS,Chicago,472.2,469.8
150162990250536,Cook,2990,Richards Career Academy HS,Chicago,397.4,382.2
150162990250537,Cook,2990,Simeon Career Academy High School,Chicago,448.2,426.0
150162990250543,Cook,2990,Corliss High School,Chicago,419.5,394.3
150162990250545,Cook,2990,Clemente Community Academy HS,Chicago,429.8,410.1
150162990250616,Cook,2990,Manley Career Academy High School,Chicago,387.7,365.8
150162990250617,Cook,2990,Curie Metropolitan High School,Chicago,457.5,458.1
150162990250763,Cook,2990,Julian High School,Chicago,411.2,384.5
150162990250764,Cook,2990,Young Magnet High School,Chicago,637.0,647.7
150162990250766,Cook,2990,Robeson High School,Chicago,388.7,373.0
150162990250767,Cook,2990,Juarez Community Academy HS,Chicago,436.9,422.5
150162990250772,Cook,2990,Chicago HS for Agricult Sciences,Chicago,536.4,494.5
150162990250779,Cook,2990,Hancock College Preparatory HS,Chicago,533.5,542.7
150162990250788,Cook,2990,Brooks College Prep Academy HS,Chicago,555.0,544.0
150162990250794,Cook,2990,Northside College Preparatory Hs,Chicago,673.7,674.9
150162990250795,Cook,2990,Chicago Military Academy HS,Chicago,465.2,437.0
150162990250796,Cook,2990,Payton College Preparatory HS,Chicago,689.0,696.4
150162990250799,Cook,2990,Hope College Prep High School,Chicago,381.5,378.5
150162990250803,Cook,2990,Phoenix Military Academy HS,Chicago,491.3,488.8
150162990250818,Cook,2990,Spry Community Links High School,Chicago,421.8,415.0
150162990250820,Cook,2990,Chicago Academy High School,Chicago,472.6,450.4
150162990250824,Cook,2990,Bowen High School,Chicago,412.5,395.6
150162990250825,Cook,2990,North-Grand High School,Chicago,437.6,446.7
150162990250826,Cook,2990,Raby High School,Chicago,412.5,403.6
150162990250827,Cook,2990,Clark Acad Prep Magnet High Schl,Chicago,420.1,406.2
150162990250828,Cook,2990,Rickover Naval Academy High Schl,Chicago,475.0,464.5
150162990250829,Cook,2990,Uplift Community High School,Chicago,426.0,417.6
150162990250830,Cook,2990,World Language High School,Chicago,460.0,435.9
150162990250831,Cook,2990,Douglass Academy High School,Chicago,401.2,378.8
150162990250832,Cook,2990,Devry Advantage Academy High Schl,Chicago,518.3,522.0
150162990250833,Cook,2990,Lindblom Math & Science Acad HS,Chicago,551.4,548.8
150162990250834,Cook,2990,Bronzeville Scholastic HS,Chicago,416.0,400.7
150162990250835,Cook,2990,School of Social Justice HS,Chicago,435.0,425.2
150162990250836,Cook,2990,Multicultural Acad of Scholarshp HS,Chicago,424.5,407.4
150162990250837,Cook,2990,Infinity Math  Science & Tech HS,Chicago,463.6,490.5
150162990250841,Cook,2990,Collins Academy High School,Chicago,409.2,403.7
150162990250843,Cook,2990,Team Englewood Comm Acad HS,Chicago,419.6,385.8
150162990250844,Cook,2990,Austin College and Career Academy High School,Chicago,398.3,393.2
150162990250847,Cook,2990,Orr Academy High School,Chicago,406.5,396.3
150162990250848,Cook,2990,Air Force Acad High School,Chicago,442.4,456.2
150162990250849,Cook,2990,Alcott Humanities High School,Chicago,441.9,456.9
150162990250850,Cook,2990,Chicago Technology Academy HS,Chicago,425.7,420.5
150162990250851,Cook,2990,Chicago HS for the Arts,Chicago,517.4,466.1
150162990250855,Cook,2990,Ogden Int High School,Chicago,496.8,476.8
150162990250856,Cook,2990,Williams Medical Prep High Sch,Chicago,446.1,400.2
150162990250857,Cook,2990,Westinghouse High School,Chicago,521.9,534.3
150162990250859,Cook,2990,Solorio Academy High School,Chicago,481.5,501.4
150162990250860,Cook,2990,South Shore Intl Col Prep HS,Chicago,475.0,453.9
150162990250861,Cook,2990,Goode STEM Academy HS,Chicago,448.0,449.5
150162990250862,Cook,2990,Chicago Excel Academy HS,Chicago,406.6,382.5
150162990252912,Cook,2990,Marine Leadership Academy - Ames,Chicago,443.6,442.5
150169000250000,Cook,9000,Horizon Science Acad-McKinley Park Charter Sch,Chicago,477.8,484.5
150169020250000,Cook,9020,Amandla Charter School,Chicago,405.9,378.7
160194240260000,Dekalb,4240,Genoa Kingston CUSD 424,Genoa,487.8,476.4
160194240260001,Dekalb,4240,Genoa-Kingston High School,Genoa,487.6,476.5
160194250260000,Dekalb,4250,Indian Creek CUSD 425,Shabbona,502.8,508.2
160194250260001,Dekalb,4250,Indian Creek High School,Shabbona,502.8,508.2
160194260260000,Dekalb,4260,Hiawatha CUSD 426,Kirkland,469.6,465.2
160194260260003,Dekalb,4260,Hiawatha Jr/Sr High School,Kirkland,469.8,465.8
160194270260000,Dekalb,4270,Sycamore CUSD 427,Sycamore,526.3,525.7
160194270260001,Dekalb,4270,Sycamore High School,Sycamore,527.2,526.8
160194280260000,Dekalb,4280,DeKalb CUSD 428,Dekalb,496.3,470.5
160194280260011,Dekalb,4280,DeKalb High School,Dekalb,498.2,472.0
160194290260000,Dekalb,4290,Hinckley Big Rock CUSD 429,Hinckley,527.4,521.5
160194290260003,Dekalb,4290,Hinckley-Big Rock High School,Hinckley,529.5,524.2
160194300260000,Dekalb,4300,Sandwich CUSD 430,Sandwich,496.6,485.9
160194300260001,Dekalb,4300,Sandwich Community High School,Sandwich,498.9,487.2
160194320260000,Dekalb,4320,Somonauk CUSD 432,Somonauk,505.8,490.5
160194320260003,Dekalb,4320,Somonauk High School,Somonauk,505.8,490.5
170200150260000,Dewitt,150,Clinton CUSD 15,Clinton,487.9,464.2
170200150260001,Dewitt,150,Clinton High School,Clinton,489.2,467.1
170200180260000,Dewitt,180,Blue Ridge CUSD 18,Farmer City,534.5,498.0
170200180260001,Dewitt,180,Blue Ridge High School,Farmer City,537.2,501.3
170530050260000,Livingston,50,Woodland CUSD 5,Streator,489.2,488.9
170530050260001,Livingston,50,Woodland High School,Streator,489.2,488.9
170530080260000,Livingston,80,Prairie Central CUSD 8,Fairbury,524.2,520.7
170530080260001,Livingston,80,Prairie Central High School,Fairbury,524.2,520.7
170530740270000,Livingston,740,Flanagan-Cornell Dist 74,Flanagan,487.2,476.0
170530740270001,Livingston,740,Flanagan-Cornell High School,Flanagan,487.2,476.0
170530900170000,Livingston,900,Pontiac Twp HSD 90,Pontiac,491.4,483.5
170530900170001,Livingston,900,Pontiac High School,Pontiac,491.4,483.5
170532300170000,Livingston,2300,Dwight Twp HSD 230,Dwight,503.3,521.8
170532300170001,Livingston,2300,Dwight High School,Dwight,505.0,524.2
170540210260000,Logan,210,Hartsburg Emden CUSD 21,Hartsburg,481.8,470.6
170540210260001,Logan,210,Hartsburg-Emden Jr-Sr High School,Hartsburg,481.8,470.6
170540230260000,Logan,230,Mt Pulaski CUSD 23,Mount Pulaski,511.2,473.6
170540230260001,Logan,230,Mount Pulaski High School,Mount Pulaski,511.2,473.6
170544040160000,Logan,4040,Lincoln CHSD 404,Lincoln,494.0,474.6
170544040160001,Logan,4040,Lincoln Comm High School,Lincoln,494.0,474.6
170640020260000,McLean,20,LeRoy CUSD 2,Le Roy,512.8,511.7
170640020260003,McLean,20,LeRoy High School,Le Roy,512.8,511.7
170640030260000,McLean,30,Tri Valley CUSD 3,Downs,564.2,573.8
170640030260002,McLean,30,Tri-Valley High School,Downs,564.2,573.8
170640040260000,McLean,40,Heyworth CUSD 4,Heyworth,496.1,487.6
170640040260001,McLean,40,Heyworth Jr-Sr High School,Heyworth,499.1,488.9
170640050260000,McLean,50,McLean County USD 5,Normal,522.9,522.1
170640050260001,McLean,50,Normal Community High School,Normal,528.3,534.7
170640050260002,McLean,50,Normal Community West High School,Normal,522.8,514.8
170640050260003,McLean,50,Eugene Field School,Normal,505.0,442.5
170640070260000,McLean,70,Lexington CUSD 7,Lexington,510.4,518.9
170640070260002,McLean,70,Lexington High School,Lexington,510.4,518.9
170640160260000,McLean,160,Olympia CUSD 16,Stanford,519.8,515.8
170640160260009,McLean,160,Olympia High School,Stanford,520.8,517.2
170640190260000,McLean,190,Ridgeview CUSD 19,Colfax,502.3,494.6
170640190260001,McLean,190,Ridgeview High School,Colfax,502.3,494.6
170640870250000,McLean,870,Bloomington SD 87,Bloomington,500.4,489.8
170640870250001,McLean,870,Bloomington High School,Bloomington,501.0,490.4
190220860170000,Dupage,860,Hinsdale Twp HSD 86,Hinsdale,584.1,590.3
190220860170001,Dupage,860,Hinsdale Central High School,Hinsdale,608.7,620.9
190220860170002,Dupage,860,Hinsdale South High School,Darien,536.4,531.1
190220870170000,Dupage,870,Glenbard Twp HSD 87,Glen Ellyn,529.1,530.2
190220870170001,Dupage,870,Glenbard East High School,Lombard,502.4,506.5
190220870170002,Dupage,870,Glenbard North High School,Carol Stream,526.4,525.5
190220870170003,Dupage,870,Glenbard West High School,Glen Ellyn,553.2,556.9
190220870170004,Dupage,870,Glenbard South High School,Glen Ellyn,544.4,541.5
190220880160000,Dupage,880,DuPage HSD 88,Addison,495.5,496.5
190220880160001,Dupage,880,Addison Trail High School,Addison,480.0,479.3
190220880160002,Dupage,880,Willowbrook High School,Villa Park,510.5,513.0
190220940160000,Dupage,940,CHSD 94,West Chicago,481.0,483.5
190220940160001,Dupage,940,Community High School,West Chicago,481.7,484.5
190220990160000,Dupage,990,CHSD 99,Downers Grove,541.0,560.8
190220990160001,Dupage,990,Comm H S Dist 99 - North H S,Downers Grove,561.0,583.5
190220990160002,Dupage,990,Comm H S Dist 99 - South High Sch,Downers Grove,525.5,543.2
190221000160000,Dupage,1000,Fenton CHSD 100,Bensenville,493.9,491.9
190221000160001,Dupage,1000,Fenton High School,Bensenville,494.6,493.4
190221080160000,Dupage,1080,Lake Park CHSD 108,Roselle,536.6,541.0
190221080160001,Dupage,1080,Lake Park High School,Roselle,537.1,541.9
190222000260000,Dupage,2000,CUSD 200,Wheaton,550.7,549.2
190222000260020,Dupage,2000,Wheaton Warrenville South H S,Wheaton,547.8,542.8
190222000260021,Dupage,2000,Wheaton North High School,Wheaton,554.2,556.8
190222010260000,Dupage,2010,CUSD 201,Westmont,542.0,544.1
190222010260001,Dupage,2010,Westmont High School,Westmont,544.8,546.8
190222020260000,Dupage,2020,Lisle CUSD 202,Lisle,553.6,559.0
190222020260001,Dupage,2020,Lisle High School,Lisle,557.4,565.8
190222030260000,Dupage,2030,Naperville CUSD 203,Naperville,582.6,596.6
190222030260001,Dupage,2030,Naperville Central High School,Naperville,588.4,603.8
190222030260013,Dupage,2030,Naperville North High School,Naperville,583.3,597.1
190222040260000,Dupage,2040,Indian Prairie CUSD 204,Aurora,572.8,589.1
190222040260001,Dupage,2040,Waubonsie Valley High School,Aurora,552.6,560.5
190222040260002,Dupage,2040,Neuqua Valley High School,Naperville,595.0,616.1
190222040260005,Dupage,2040,Metea Valley High School,Aurora,567.4,586.6
190222050260000,Dupage,2050,Elmhurst SD 205,Elmhurst,571.0,583.1
190222050260003,Dupage,2050,York Comm High School,Elmhurst,571.7,584.3
200240010260000,Edwards,10,Edwards County CUSD 1,Albion,500.9,482.8
200240010260005,Edwards,10,Edwards County High School,Albion,503.3,484.9
200300070260000,Gallatin,70,Gallatin CUSD 7,Junction,458.5,441.1
200300070260001,Gallatin,70,Gallatin High School,Junction,458.5,441.1
200330100260000,Hamilton,100,Hamilton Co CUSD 10,Mc Leansboro,490.0,468.6
200330100260002,Hamilton,100,Hamilton County Jr/Sr High School,Mc Leansboro,490.0,468.6
200350010260000,Hardin,10,Hardin County CUSD 1,Elizabethtown,466.8,433.8
200350010260003,Hardin,10,Hardin County High School,Elizabethtown,466.8,433.8
200760010260000,Pope,10,Pope Co CUD 1,Golconda,471.9,438.4
200760010260001,Pope,10,Pope Co High School,Golconda,471.9,438.4
200830010260000,Saline,10,Galatia CUSD 1,Galatia,480.0,485.5
200830010260001,Saline,10,Galatia High School,Galatia,479.0,489.0
200830020260000,Saline,20,Carrier Mills-Stonefort CUSD 2,Carrier Mills,439.3,410.0
200830020260001,Saline,20,Carrier Mills-Stonefort H S,Carrier Mills,439.3,410.0
200830030260000,Saline,30,Harrisburg CUSD 3,Harrisburg,479.0,438.4
200830030260001,Saline,30,Harrisburg High School,Harrisburg,480.2,438.4
200830040260000,Saline,40,Eldorado CUSD 4,Eldorado,457.1,414.6
200830040260001,Saline,40,Eldorado High School,Eldorado,457.1,414.6
200933480260000,Wabash,3480,Wabash CUSD 348,Mount Carmel,492.5,478.3
200933480260001,Wabash,3480,Mount Carmel High School,Mount Carmel,492.5,478.3
200961000260000,Wayne,1000,Wayne City CUSD 100,Wayne City,505.0,480.9
200961000260001,Wayne,1000,Wayne City High School,Wayne City,505.0,480.9
200962000260000,Wayne,2000,North Wayne CUSD 200,Cisne,484.6,473.1
200962000260001,Wayne,2000,Cisne High School,Cisne,484.6,473.1
200962250160000,Wayne,2250,Fairfield Comm H S Dist 225,Fairfield,486.7,462.7
200962250160001,Wayne,2250,Fairfield Comm High School,Fairfield,486.7,462.7
200970010260000,White,10,Grayville CUSD 1,Grayville,475.0,441.5
200970010260003,White,10,Grayville Jr Sr High School,Grayville,475.0,441.5
200970030260000,White,30,Norris City-Omaha-Enfield CUSD 3,Norris City,506.2,483.6
200970030260001,White,30,Norris City-Omaha-Enfield H S,Norris City,506.2,483.6
200970050260000,White,50,Carmi-White County CUSD 5,Carmi,469.7,439.7
200970050260001,White,50,Carmi-White County High School,Carmi,469.7,439.7
210280990260000,Franklin,990,Christopher USD 99,Christopher,474.4,468.4
210280990260001,Franklin,990,Christopher High,Christopher,474.4,468.4
210281030130000,Franklin,1030,Benton Cons HSD 103,Benton,479.2,470.6
210281030130001,Franklin,1030,Benton Cons High School,Benton,479.2,470.6
210281680260000,Franklin,1680,Frankfort CUSD 168,West Frankfort,494.2,472.9
210281680260001,Franklin,1680,Frankfort Community High School,West Frankfort,494.2,472.9
210281740260000,Franklin,1740,Thompsonville CUSD 174,Thompsonville,476.6,455.2
210281740260001,Franklin,1740,Thompsonville High School,Thompsonville,476.6,455.2
210281880260000,Franklin,1880,Zeigler-Royalton CUSD 188,Zeigler,460.3,448.1
210281880260001,Franklin,1880,Zeigler-Royalton High School,Zeigler,462.3,449.7
210281960260000,Franklin,1960,Sesser-Valier CUSD 196,Sesser,497.3,480.0
210281960260001,Franklin,1960,Sesser-Valier High School,Sesser,497.3,480.0
210440010260000,Johnson,10,Goreville CUD 1,Goreville,496.1,471.8
210440010260001,Johnson,10,Goreville High School,Goreville,496.1,471.8
210441330170000,Johnson,1330,Vienna HSD 133,Vienna,498.4,456.7
210441330170001,Johnson,1330,Vienna High School,Vienna,498.4,456.7
210610010260000,Massac,10,Massac UD 1,Metropolis,500.7,472.3
210610010260001,Massac,10,Massac County High School,Metropolis,500.9,471.5
210610380260000,Massac,380,Joppa-Maple Grove UD 38,Joppa,448.5,449.2
210610380260001,Massac,380,Joppa Jr & Sr High School,Joppa,448.5,449.2
211000010260000,Williamson,10,Johnston City CUSD 1,Johnston City,487.1,460.1
211000010260001,Williamson,10,Johnston City High School,Johnston City,488.3,461.7
211000020260000,Williamson,20,Marion CUSD 2,Marion,485.6,473.2
211000020260001,Williamson,20,Marion High School,Marion,487.7,475.0
211000030260000,Williamson,30,Crab Orchard CUSD 3,Marion,473.5,441.5
211000030260001,Williamson,30,Crab Orchard High School,Marion,475.8,444.8
211000040260000,Williamson,40,Herrin CUSD 4,Herrin,514.8,501.1
211000040260001,Williamson,40,Herrin High School,Herrin,518.4,504.8
211000050260000,Williamson,50,Carterville CUSD 5,Carterville,538.3,536.2
211000050260001,Williamson,50,Carterville High School,Carterville,541.3,538.6
240320010260000,Grundy,10,Coal City CUSD 1,Coal City,506.8,511.9
240320010260001,Grundy,10,Coal City High School,Coal City,506.8,511.9
240320730170000,Grundy,730,Gardner S Wilmington Twp HSD 73,Gardner,513.7,498.8
240320730170001,Grundy,730,Gardner-South Wilmington Twp H S,Gardner,513.7,498.8
240321010160000,Grundy,1010,Morris CHSD 101,Morris,515.9,508.0
240321010160001,Grundy,1010,Morris Community High School,Morris,517.4,510.8
240321110160000,Grundy,1110,Minooka CHSD 111,Channahon,525.2,502.6
240321110160001,Grundy,1110,Minooka Community High School,Minooka,525.8,503.2
240470180160000,Kendall,180,Newark CHSD 18,Newark,511.4,505.0
240470180160001,Kendall,180,Newark Comm High School,Newark,512.6,507.4
240470880260000,Kendall,880,Plano CUSD 88,Plano,489.2,473.9
240470880260001,Kendall,880,Plano High School,Plano,489.6,474.4
240471150260000,Kendall,1150,Yorkville CUSD 115,Yorkville,518.7,507.1
240471150260001,Kendall,1150,Yorkville High School,Yorkville,519.5,508.2
240473080260000,Kendall,3080,CUSD 308,Oswego,522.5,524.4
240473080260001,Kendall,3080,Oswego High School,Oswego,518.3,521.5
240473080260002,Kendall,3080,Oswego East High School,Oswego,529.5,530.8
260290010260000,Fulton,10,Astoria CUSD 1,Astoria,464.8,443.9
260290010260001,Fulton,10,Astoria High School,Astoria,464.8,443.9
260290020260000,Fulton,20,V I T CUSD 2,Table Grove,454.2,423.8
260290020260001,Fulton,20,V I T Sr High School,Table Grove,460.8,428.8
260290030260000,Fulton,30,CUSD 3 Fulton County,Cuba,451.2,425.6
260290030260001,Fulton,30,Cuba Sr High School,Cuba,451.2,425.6
260290040260000,Fulton,40,Spoon River Valley CUSD 4,London Mills,487.9,479.6
260290040260001,Fulton,40,Spoon River Valley Sr High Sch,London Mills,492.2,479.1
260290660250000,Fulton,660,Canton Union SD 66,Canton,501.1,489.5
260290660250001,Fulton,660,Canton High School,Canton,501.1,489.5
260290970260000,Fulton,970,Lewistown CUSD 97,Lewistown,488.6,448.0
260290970260001,Fulton,970,Lewistown Jr/Sr High School,Lewistown,488.6,448.0
260343070160000,Hancock,3070,Illini West H S Dist 307,Carthage,477.7,455.6
260343070160001,Hancock,3070,Illini West High School,Carthage,477.7,455.6
260343160260000,Hancock,3160,Warsaw CUSD 316,Warsaw,504.3,469.1
260343160260001,Hancock,3160,Warsaw Sr High School,Warsaw,504.3,469.1
260343280240000,Hancock,3280,Hamilton CCSD 328,Hamilton,460.0,453.9
260343280240001,Hancock,3280,Hamilton Jr/Sr High Sch,Hamilton,460.0,453.9
260343370260000,Hancock,3370,Southeastern CUSD 337,Augusta,501.0,479.0
260343370260001,Hancock,3370,Southeastern Jr/Sr High School,Augusta,504.3,481.4
260621030260000,McDonough,1030,West Prairie CUSD 103,Colchester,520.9,484.4
260621030260001,McDonough,1030,West Prairie High School,Sciota,520.9,484.4
260621700260000,McDonough,1700,Bushnell Prairie City CUSD 170,Bushnell,450.2,459.2
260621700260001,McDonough,1700,Bushnell-Prairie City High Sch,Bushnell,450.2,459.2
260621850260000,McDonough,1850,Macomb CUSD 185,Macomb,532.0,513.1
260621850260001,McDonough,1850,Macomb Senior High School,Macomb,532.0,513.1
260850050260000,Schuyler,50,Schuyler-Industry CUSD 5,Rushville,475.3,460.3
260850050260001,Schuyler,50,Rushville-Industry High School,Rushville,475.3,460.3
280061030220000,Bureau,1030,DePue USD 103,DePue,434.1,441.8
280061030220001,Bureau,1030,DePue High School,DePue,434.1,441.8
280063030260000,Bureau,3030,La Moille CUSD 303,La Moille,508.5,515.0
280063030260001,Bureau,3030,La Moille High School,La Moille,508.5,515.0
280063400260000,Bureau,3400,Bureau Valley CUSD 340,Manlius,485.9,471.5
280063400260001,Bureau,3400,Bureau Valley High School,Manlius,487.7,474.0
280065000150000,Bureau,5000,Princeton HSD 500,Princeton,519.4,494.4
280065000150001,Bureau,5000,Princeton High School,Princeton,519.8,494.3
280065020170000,Bureau,5020,Hall HSD 502,Spring Valley,493.8,495.0
280065020170001,Bureau,5020,Hall High School,Spring Valley,493.8,495.0
280065050160000,Bureau,5050,Ohio CHSD 505,Ohio,535.0,518.8
280065050160001,Bureau,5050,Ohio Community High School,Ohio,535.0,518.8
280372230260000,Henry,2230,Orion CUSD 223,Orion,504.2,542.5
280372230260001,Henry,2230,Orion High School,Orion,504.2,542.5
280372240260000,Henry,2240,Galva CUSD 224,Galva,480.8,457.4
280372240260001,Henry,2240,Galva Jr-Sr High School,Galva,480.8,457.4
280372250260000,Henry,2250,AlWood CUSD 225,Woodhull,481.5,472.3
280372250260001,Henry,2250,AlWood  Middle/High School,Woodhull,481.5,472.3
280372260260000,Henry,2260,Annawan CUSD 226,Annawan,495.6,467.2
280372260260001,Henry,2260,Annawan High School,Annawan,495.6,467.2
280372270260000,Henry,2270,Cambridge CUSD 227,Cambridge,544.7,514.4
280372270260002,Henry,2270,Cambridge Jr/Sr High School,Cambridge,544.7,514.4
280372280260000,Henry,2280,Geneseo CUSD 228,Geneseo,516.2,503.7
280372280260001,Henry,2280,Geneseo High School,Geneseo,517.0,504.6
280372290260000,Henry,2290,Kewanee CUSD 229,Kewanee,474.3,455.3
280372290260001,Henry,2290,Kewanee High School,Kewanee,476.2,458.6
280372300260000,Henry,2300,Wethersfield CUSD 230,Kewanee,497.5,468.0
280372300260002,Henry,2300,Wethersfield Jr/Sr High School,Kewanee,497.5,468.0
280881000260000,Stark,1000,Stark County CUSD 100,Wyoming,485.5,491.3
280881000260001,Stark,1000,Stark County High School,Toulon,485.7,493.1
300020010220000,Alexander,10,Cairo USD 1,Cairo,403.0,402.0
300020010220001,Alexander,10,Cairo Jr/Sr High School,Cairo,405.8,401.6
300020050260000,Alexander,50,Egyptian CUSD 5,Tamms,458.4,416.8
300020050260001,Alexander,50,Egyptian Sr High School,Tamms,458.4,416.8
300391650160000,Jackson,1650,Carbondale CHSD 165,Carbondale,505.2,517.2
300391650160001,Jackson,1650,Carbondale Comm H S,Carbondale,508.8,520.0
300391760260000,Jackson,1760,Trico CUSD 176,Campbell Hill,467.6,472.4
300391760260001,Jackson,1760,Trico Senior High School,Campbell Hill,467.6,472.4
300391860260000,Jackson,1860,Murphysboro CUSD 186,Murphysboro,486.7,478.6
300391860260001,Jackson,1860,Murphysboro High School,Murphysboro,488.3,480.7
300391960260000,Jackson,1960,Elverado CUSD 196,Elkville,471.2,443.8
300391960260001,Jackson,1960,Elverado High School,Elkville,475.5,443.9
300731010160000,Perry,1010,Pinckneyville CHSD 101,Pinckneyville,488.6,509.6
300731010160001,Perry,1010,Pinckneyville Comm High School,Pinckneyville,488.6,509.6
300733000260000,Perry,3000,Du Quoin CUSD 300,Du Quoin,477.4,483.4
300733000260001,Perry,3000,Du Quoin High School,Du Quoin,479.0,485.5
300771000260000,Pulaski,1000,Century CUSD 100,Ullin,458.4,434.4
300771000260001,Pulaski,1000,Century Jr/Sr High School,Ullin,458.4,434.4
300771010260000,Pulaski,1010,Meridian CUSD 101,Mounds,413.3,420.0
300771010260001,Pulaski,1010,Meridian High School,Mounds,413.3,420.0
300910170220000,Union,170,Cobden SUD 17,Cobden,486.1,469.8
300910170220001,Union,170,Cobden High School,Cobden,488.7,474.2
300910660220000,Union,660,Dongola USD 66,Dongola,459.3,450.7
300910660220001,Union,660,Dongola High School,Dongola,459.3,450.7
300910810160000,Union,810,Anna Jonesboro CHSD 81,Anna,477.5,461.5
300910810160001,Union,810,Anna-Jonesboro High School,Anna,480.0,464.2
300910840260000,Union,840,Shawnee CUSD 84,Wolf Lake,456.5,431.7
300910840260001,Union,840,Shawnee High School,Wolf Lake,456.5,431.7
310450460220000,Kane,460,SD U-46,Elgin,486.2,482.8
310450460220001,Kane,460,Elgin High School,Elgin,471.6,468.1
310450460220002,Kane,460,Larkin High School,Elgin,464.2,453.4
310450460220003,Kane,460,Streamwood High School,Streamwood,461.7,456.7
310450460220004,Kane,460,Bartlett High School,Bartlett,525.2,527.2
310450460220005,Kane,460,South Elgin High School,South Elgin,500.7,500.2
310451010220000,Kane,1010,Batavia USD 101,Batavia,548.4,560.7
310451010220001,Kane,1010,Batavia Sr High School,Batavia,549.3,561.5
310451290220000,Kane,1290,Aurora West USD 129,Aurora,481.1,465.0
310451290220001,Kane,1290,West Aurora High School,Aurora,481.7,465.9
310451310220000,Kane,1310,Aurora East USD 131,Aurora,445.2,445.7
310451310220001,Kane,1310,East High School,Aurora,445.5,446.2
310453000260000,Kane,3000,CUSD 300,Algonquin,506.0,500.9
310453000260002,Kane,3000,Dundee-Crown High School,Carpentersville,474.9,476.5
310453000260003,Kane,3000,Hampshire High School,Hampshire,520.4,513.7
310453000260004,Kane,3000,Harry D Jacobs High School,Algonquin,533.1,523.2
310453010260000,Kane,3010,Central CUSD 301,Burlington,530.8,525.8
310453010260001,Kane,3010,Central High School,Burlington,531.4,526.6
310453020260000,Kane,3020,Kaneland CUSD 302,Maple Park,527.1,512.9
310453020260001,Kane,3020,Kaneland Senior High School,Maple Park,527.5,513.6
310453030260000,Kane,3030,St Charles CUSD 303,St Charles,555.3,573.4
310453030260011,Kane,3030,St Charles East High School,St Charles,548.2,564.6
310453030260012,Kane,3030,St Charles North High School,St Charles,564.3,584.6
310453040260000,Kane,3040,Geneva CUSD 304,Geneva,562.7,568.7
310453040260001,Kane,3040,Geneva Community High School,Geneva,562.7,568.7
320380030260000,Iroquois,30,Donovan CUSD 3,Donovan,460.0,433.7
320380030260001,Iroquois,30,Donovan Sr High School,Donovan,460.0,433.7
320380040260000,Iroquois,40,Central CUSD 4,Ashkum,509.4,515.4
320380040260001,Iroquois,40,Central High School,Clifton,509.4,515.4
320380060260000,Iroquois,60,Cissna Park CUSD 6,Cissna Park,520.0,511.3
320380060260001,Iroquois,60,Cissna Park Sr High School,Cissna Park,520.0,511.3
320380090260000,Iroquois,90,Iroquois County CUSD 9,Watseka,486.7,480.4
320380090260001,Iroquois,90,Watseka Comm High School,Watseka,486.7,480.4
320380100260000,Iroquois,100,Iroquois West CUSD 10,Gilman,473.1,437.1
320380100260001,Iroquois,100,Iroquois West High School,Gilman,476.3,447.2
320381240260000,Iroquois,1240,Milford Area Public Schools District 124,Milford,532.5,504.3
320381240260001,Iroquois,1240,Milford High School Campus,Milford,532.5,504.3
320460010260000,Kankakee,10,Momence CUSD 1,Momence,431.9,418.8
320460010260003,Kankakee,10,Momence High School,Momence,431.9,418.8
320460020260000,Kankakee,20,Herscher CUSD 2,Herscher,509.2,523.3
320460020260001,Kankakee,20,Herscher High School,Herscher,510.4,524.7
320460050260000,Kankakee,50,Manteno CUSD 5,Manteno,495.2,473.2
320460050260005,Kankakee,50,Manteno High School,Manteno,505.3,486.6
320460060260000,Kankakee,60,Grant Park CUSD 6,Grant Park,519.8,513.2
320460060260001,Kankakee,60,Grant Park High School,Grant Park,519.8,513.2
320461110250000,Kankakee,1110,Kankakee SD 111,Kankakee,440.1,419.0
320461110250014,Kankakee,1110,Kankakee High School,Kankakee,443.1,421.3
320463020160000,Kankakee,3020,St Anne CHSD 302,Saint Anne,457.3,447.1
320463020160001,Kankakee,3020,St Anne Comm High School,Saint Anne,457.3,447.1
320463070160000,Kankakee,3070,Bradley Bourbonnais CHSD 307,Bradley,497.5,478.8
320463070160001,Kankakee,3070,Bradley-Bourbonnais C High School,Bradley,497.8,478.9
330362350260000,Henderson,2350,West Central CUSD 235,Biggsville,474.4,435.1
330362350260001,Henderson,2350,West Central High School,Biggsville,476.0,437.1
330482020260000,Knox,2020,Knoxville CUSD 202,Knoxville,486.0,498.3
330482020260001,Knox,2020,Knoxville Sr High School,Knoxville,486.0,498.3
330482050260000,Knox,2050,Galesburg CUSD 205,Galesburg,479.4,468.3
330482050260023,Knox,2050,Galesburg High School,Galesburg,479.5,468.5
330482080260000,Knox,2080,R O W V A CUSD 208,Oneida,520.2,486.1
330482080260001,Knox,2080,R O W V A Jr and  Sr High School,Oneida,520.2,486.1
330482100260000,Knox,2100,Williamsfield CUSD 210,Williamsfield,494.0,466.7
330482100260001,Knox,2100,Williamsfield High School,Williamsfield,494.0,466.7
330482760260000,Knox,2760,Abingdon-Avon CUSD 276,Abingdon,456.1,416.3
330482760260001,Knox,2760,Abingdon-Avon High Sch,Abingdon,456.1,416.3
330664040260000,Mercer,4040,Mercer County School District 404,Aledo,506.5,494.2
330664040260001,Mercer,4040,Mercer County High School,Aledo,506.5,494.2
330942380260000,Warren,2380,Monmouth-Roseville CUSD 238,Monmouth,480.4,473.0
330942380260001,Warren,2380,Monmouth-Roseville High Sch,Monmouth,479.7,473.7
330943040260000,Warren,3040,United CUSD 304,Monmouth,531.9,512.3
330943040260001,Warren,3040,United High School,Monmouth,531.9,512.3
340490600260000,Lake,600,Waukegan CUSD 60,Waukegan,437.2,424.5
340490600260022,Lake,600,Waukegan High School,Waukegan,438.3,426.0
340490950260000,Lake,950,Lake Zurich CUSD 95,Lake Zurich,561.0,566.3
340490950260001,Lake,950,Lake Zurich High School,Lake Zurich,562.3,567.8
340491130170000,Lake,1130,Twp HSD 113,Highland Park,591.1,589.0
340491130170001,Lake,1130,Deerfield High School,Deerfield,605.5,603.6
340491130170002,Lake,1130,Highland Park High School,Highland Park,580.2,579.1
340491150160000,Lake,1150,Lake Forest CHSD 115,Lake Forest,588.5,597.3
340491150160001,Lake,1150,Lake Forest High School,Lake Forest,588.8,597.9
340491160260000,Lake,1160,Round Lake CUSD 116,Round Lake,466.2,454.8
340491160260006,Lake,1160,Round Lake Senior High School,Round Lake,466.5,455.2
340491170160000,Lake,1170,CHSD 117,Lake Villa,532.2,525.3
340491170160001,Lake,1170,Antioch Comm High School,Antioch,519.7,517.1
340491170160002,Lake,1170,Lakes Community High School,Lake Villa,546.4,536.1
340491180260000,Lake,1180,Wauconda CUSD 118,Wauconda,527.1,509.7
340491180260005,Lake,1180,Wauconda High School,Wauconda,529.0,511.2
340491200130000,Lake,1200,Mundelein Cons HSD 120,Mundelein,511.6,497.2
340491200130001,Lake,1200,Mundelein Cons High School,Mundelein,512.4,498.0
340491210170000,Lake,1210,Warren Twp HSD 121,Gurnee,530.7,517.5
340491210170001,Lake,1210,Warren Township High School,Gurnee,532.5,519.4
340491240160000,Lake,1240,Grant CHSD 124,Fox Lake,506.3,502.7
340491240160001,Lake,1240,Grant Community High School,Fox Lake,507.7,505.0
340491250130000,Lake,1250,Adlai E Stevenson HSD 125,Lincolnshire,614.0,640.6
340491250130001,Lake,1250,Adlai E Stevenson High School,Lincolnshire,614.7,642.1
340491260170000,Lake,1260,Zion-Benton Twp HSD 126,Zion,477.5,456.9
340491260170001,Lake,1260,Zion-Benton Twnshp Hi Sch,Zion,474.2,454.4
340491260170002,Lake,1260,New Tech High - Zion-Benton East,Zion,500.4,475.7
340491270160000,Lake,1270,Grayslake CHSD 127,Grayslake,548.1,535.4
340491270160001,Lake,1270,Grayslake Central High School,Grayslake,552.8,541.5
340491270160002,Lake,1270,Grayslake North High School,Grayslake,546.4,533.2
340491280160000,Lake,1280,CHSD 128,Vernon Hills,597.3,607.2
340491280160002,Lake,1280,Libertyville High School,Libertyville,602.0,609.6
340491280160004,Lake,1280,Vernon Hills High School,Vernon Hills,595.0,609.9
340491870260000,Lake,1870,North Chicago SD 187,North Chicago,428.9,404.5
340491870260001,Lake,1870,North Chicago Community High Sch,North Chicago,430.5,407.3
340492200260000,Lake,2200,Barrington CUSD 220,Barrington,577.3,585.3
340492200260004,Lake,2200,Barrington High School,Barrington,578.7,586.8
350500010260000,La Salle,10,Leland CUSD 1,Leland,508.2,469.1
350500010260001,La Salle,10,Leland High School,Leland,511.9,474.3
350500020260000,La Salle,20,Serena CUSD 2,Serena,483.7,464.3
350500020260001,La Salle,20,Serena High School,Serena,483.7,464.3
350500090260000,La Salle,90,Earlville CUSD 9,Earlville,480.3,479.7
350500090260001,La Salle,90,Earlville Jr/Sr High School,Earlville,480.3,479.7
350500400170000,La Salle,400,Streator Twp HSD 40,Streator,464.1,442.8
350500400170001,La Salle,400,Streator Twp High School,Streator,464.1,442.8
350501200170000,La Salle,1200,La Salle-Peru Twp HSD 120,La Salle,503.4,479.5
350501200170001,La Salle,1200,La Salle-Peru Twp High School,La Salle,503.8,479.9
350501400170000,La Salle,1400,Ottawa Twp HSD 140,Ottawa,501.2,486.8
350501400170001,La Salle,1400,Ottawa Township High School,Ottawa,502.6,488.0
350501600170000,La Salle,1600,Seneca Twp HSD 160,Seneca,504.9,480.7
350501600170001,La Salle,1600,Seneca High School,Seneca,504.9,480.7
350502800170000,La Salle,2800,Mendota Twp HSD 280,Mendota,488.9,488.8
350502800170001,La Salle,2800,Mendota Twp High School,Mendota,488.9,488.8
350590050260000,Marshall,50,Henry-Senachwine CUSD 5,Henry,484.6,463.5
350590050260001,Marshall,50,Henry-Senachwine High School,Henry,484.6,463.5
350590070260000,Marshall,70,Midland CUSD 7,Sparland,465.0,462.6
350590070260001,Marshall,70,Midland High School,Varna,465.0,462.6
350785350260000,Putnam,5350,Putnam County CUSD 535,Granville,493.6,477.5
350785350260002,Putnam,5350,Putnam County High School,Granville,493.6,477.5
390550010260000,Macon,10,Argenta-Oreana CUSD 1,Argenta,496.3,467.3
390550010260001,Macon,10,Argenta-Oreana High School,Argenta,496.3,467.3
390550020260000,Macon,20,Maroa Forsyth CUSD 2,Maroa,524.0,506.6
390550020260001,Macon,20,Maroa-Forsyth Senior High Sch,Maroa,524.0,506.6
390550030260000,Macon,30,Mt Zion CUSD 3,Mt Zion,543.4,531.6
390550030260001,Macon,30,Mt Zion High School,Mount Zion,543.4,531.6
390550090260000,Macon,90,Sangamon Valley CUSD 9,Niantic,490.8,499.4
390550090260001,Macon,90,Sangamon Valley High School,Niantic,490.8,499.4
390550110260000,Macon,110,Warrensburg-Latham CUSD 11,Warrensburg,511.9,472.1
390550110260001,Macon,110,Warrensburg-Latham High School,Warrensburg,511.9,472.1
390550150260000,Macon,150,Meridian CUSD 15,Macon,487.9,470.1
390550150260001,Macon,150,Meridian High School,Macon,487.9,470.1
390550610250000,Macon,610,Decatur SD 61,Decatur,460.3,451.6
390550610250036,Macon,610,Eisenhower High School,Decatur,452.2,444.6
390550610250038,Macon,610,MacArthur High School,Decatur,469.7,461.3
390740050260000,Piatt,50,Bement CUSD 5,Bement,479.7,464.1
390740050260001,Piatt,50,Bement High School,Bement,479.7,464.1
390740250260000,Piatt,250,Monticello CUSD 25,Monticello,535.6,529.4
390740250260001,Piatt,250,Monticello High School,Monticello,535.6,529.4
390740570260000,Piatt,570,Deland-Weldon CUSD 57,De Land,473.3,450.0
390740570260001,Piatt,570,Deland-Weldon High School,De Land,473.3,450.0
390741000260000,Piatt,1000,Cerro Gordo CUSD 100,Cerro Gordo,499.1,500.0
390741000260001,Piatt,1000,Cerro Gordo Jr and Sr High School,Cerro Gordo,499.1,500.0
400070400260000,Calhoun,400,Calhoun CUSD 40,Hardin,488.8,471.9
400070400260001,Calhoun,400,Calhoun High School,Hardin,488.8,471.9
400070420260000,Calhoun,420,Brussels CUSD 42,Brussels,491.3,498.1
400070420260001,Calhoun,420,Brussels High School,Brussels,491.3,498.1
400310010260000,Greene,10,Carrollton CUSD 1,Carrollton,502.8,542.2
400310010260003,Greene,10,Carrollton High School,Carrollton,504.7,545.3
400310030260000,Greene,30,North Greene CUSD 3,White Hall,464.3,434.1
400310030260001,Greene,30,North Greene Jr/Sr High Sch,White Hall,466.8,435.8
400310100260000,Greene,100,Greenfield CUSD 10,Greenfield,511.0,510.3
400310100260001,Greene,100,Greenfield High School,Greenfield,511.0,510.3
400421000260000,Jersey,1000,Jersey CUSD 100,Jerseyville,507.1,506.3
400421000260001,Jersey,1000,Jersey Comm High School,Jerseyville,508.4,507.0
400560010260000,Macoupin,10,Carlinville CUSD 1,Carlinville,515.4,522.9
400560010260002,Macoupin,10,Carlinville High School,Carlinville,515.4,522.9
400560020260000,Macoupin,20,Northwestern CUSD 2,Palmyra,486.2,455.9
400560020260004,Macoupin,20,Northwestern High School,Palmyra,486.2,455.9
400560050260000,Macoupin,50,Mount Olive CUSD 5,Mount Olive,518.4,484.7
400560050260001,Macoupin,50,Mt Olive High School,Mount Olive,518.4,484.7
400560060260000,Macoupin,60,Staunton CUSD 6,Staunton,492.0,509.8
400560060260001,Macoupin,60,Staunton High School,Staunton,492.0,509.8
400560070260000,Macoupin,70,Gillespie CUSD 7,Gillespie,517.2,501.2
400560070260003,Macoupin,70,Gillespie High School,Gillespie,517.2,501.2
400560080260000,Macoupin,80,Bunker Hill CUSD 8,Bunker Hill,471.9,466.0
400560080260001,Macoupin,80,Bunker Hill High School,Bunker Hill,471.9,466.0
400560090260000,Macoupin,90,Southwestern CUSD 9,Brighton,502.8,491.3
400560090260001,Macoupin,90,Southwestern High School,Piasa,505.3,493.4
400560340260000,Macoupin,340,North Mac CUSD 34,Girard,490.6,478.4
400560340260001,Macoupin,340,North Mac High School,Virden,490.6,478.4
410570010260000,Madison,10,Roxana CUSD 1,Roxana,479.1,458.8
410570010260001,Madison,10,Roxana Sr High School,Roxana,479.1,458.8
410570020260000,Madison,20,Triad CUSD 2,Troy,508.5,521.9
410570020260001,Madison,20,Triad High School,Troy,508.5,521.9
410570050260000,Madison,50,Highland CUSD 5,Highland,506.7,513.2
410570050260001,Madison,50,Highland High School,Highland,506.7,513.2
410570070260000,Madison,70,Edwardsville CUSD 7,Edwardsville,539.0,537.0
410570070260001,Madison,70,Edwardsville High School,Edwardsville,543.6,541.7
410570080260000,Madison,80,Bethalto CUSD 8,Bethalto,493.9,478.8
410570080260001,Madison,80,Civic Memorial High School,Bethalto,493.9,478.8
410570090260000,Madison,90,Granite City CUSD 9,Granite City,468.5,449.8
410570090260001,Madison,90,Granite City High School,Granite City,469.0,450.4
410570100260000,Madison,100,Collinsville CUSD 10,Collinsville,485.4,474.3
410570100260001,Madison,100,Collinsville High School,Collinsville,484.2,473.2
410570110260000,Madison,110,Alton CUSD 11,Alton,490.0,481.1
410570110260001,Madison,110,Alton High School,Alton,492.0,483.8
410570120260000,Madison,120,Madison CUSD 12,Madison,419.4,394.8
410570120260001,Madison,120,Madison Senior High School,Madison,420.7,398.2
410570140160000,Madison,140,East Alton-Wood River CHSD 14,Wood River,468.6,446.8
410570140160001,Madison,140,East Alton-Wood River High Sch,Wood River,469.0,447.7
440630120260000,McHenry,120,Johnsburg CUSD 12,Johnsburg,514.5,495.1
440630120260002,McHenry,120,Johnsburg High School,Johnsburg,514.5,495.1
440630190240000,McHenry,190,Alden Hebron SD 19,Hebron,511.4,507.2
440630190240002,McHenry,190,Alden-Hebron High School,Hebron,511.4,507.2
440630500260000,McHenry,500,Harvard CUSD 50,Harvard,463.3,448.4
440630500260001,McHenry,500,Harvard High School,Harvard,464.1,450.0
440631540160000,McHenry,1540,Marengo CHSD 154,Marengo,523.2,538.7
440631540160001,McHenry,1540,Marengo High School,Marengo,526.2,542.2
440631550160000,McHenry,1550,CHSD 155,Crystal Lake,540.1,549.9
440631550160001,McHenry,1550,Crystal Lake Central High School,Crystal Lake,530.6,539.3
440631550160002,McHenry,1550,Cary-Grove Community High School,Cary,539.2,545.3
440631550160003,McHenry,1550,Crystal Lake South High School,Crystal Lake,547.9,555.5
440631550160004,McHenry,1550,Prairie Ridge High School,Crystal Lake,542.8,560.6
440631560160000,McHenry,1560,McHenry CHSD 156,McHenry,498.5,494.9
440631560160001,McHenry,1560,McHenry High School-West Campus,McHenry,497.6,492.6
440631560160002,McHenry,1560,McHenry  East High School,McHenry,502.3,502.2
440631570160000,McHenry,1570,Richmond-Burton CHSD 157,Richmond,560.1,558.1
440631570160001,McHenry,1570,Richmond-Burton High School,Richmond,560.9,559.5
440631580220000,McHenry,1580,Huntley Community School District 158,Algonquin,543.7,548.0
440631580220002,McHenry,1580,Huntley High School,Huntley,545.4,550.8
440632000260000,McHenry,2000,Woodstock CUSD 200,Woodstock,510.4,503.4
440632000260008,McHenry,2000,Woodstock High School,Woodstock,512.4,507.4
440632000260009,McHenry,2000,Woodstock North High School,Woodstock,510.2,501.1
450670030260000,Monroe,30,Valmeyer CUSD 3,Valmeyer,538.4,502.8
450670030260001,Monroe,30,Valmeyer High School,Valmeyer,538.4,502.8
450670040260000,Monroe,40,Columbia CUSD 4,Columbia,525.6,537.9
450670040260001,Monroe,40,Columbia High School,Columbia,525.6,537.9
450670050260000,Monroe,50,Waterloo CUSD 5,Waterloo,544.2,540.8
450670050260001,Monroe,50,Waterloo High School,Waterloo,540.1,536.4
450790010220000,Randolph,10,Coulterville USD 1,Coulterville,454.7,457.6
450790010220001,Randolph,10,Coulterville High School,Coulterville,454.7,457.6
450791320260000,Randolph,1320,Red Bud CUSD 132,Red Bud,484.2,454.7
450791320260001,Randolph,1320,Red Bud High School,Red Bud,486.5,457.7
450791380260000,Randolph,1380,Steeleville CUSD 138,Steeleville,517.3,509.3
450791380260001,Randolph,1380,Steeleville High School,Steeleville,517.3,509.3
450791390260000,Randolph,1390,Chester CUSD 139,Chester,466.7,454.7
450791390260001,Randolph,1390,Chester High School,Chester,466.7,454.7
450791400260000,Randolph,1400,Sparta CUSD 140,Sparta,455.1,422.1
450791400260001,Randolph,1400,Sparta High School,Sparta,457.4,422.6
470521700220000,Lee,1700,Dixon USD 170,Dixon,494.4,489.1
470521700220001,Lee,1700,Dixon High School,Dixon,494.4,489.1
470522710260000,Lee,2710,Paw Paw CUSD 271,Paw Paw,500.0,513.6
470522710260004,Lee,2710,Paw Paw Jr/Sr High School,Paw Paw,500.0,513.6
470522720260000,Lee,2720,Amboy CUSD 272,Amboy,484.0,474.2
470522720260001,Lee,2720,Amboy High School,Amboy,485.6,476.2
470522750260000,Lee,2750,Ashton-Franklin Center CUSD 275,Ashton,481.4,481.4
470522750260001,Lee,2750,Ashton-Franklin Center HS,Ashton,481.4,481.4
470712120170000,Ogle,2120,Rochelle Twp HSD 212,Rochelle,492.9,476.5
470712120170001,Ogle,2120,Rochelle Twp High School,Rochelle,494.0,477.7
470712200260000,Ogle,2200,Oregon CUSD 220,Oregon,488.7,471.9
470712200260001,Ogle,2200,Oregon High School,Oregon,490.0,473.3
470712210260000,Ogle,2210,Forrestville Valley CUSD 221,Forreston,510.4,522.5
470712210260004,Ogle,2210,Forreston Jr/Sr High Sch,Forreston,512.9,527.3
470712220260000,Ogle,2220,Polo CUSD 222,Polo,494.9,501.8
470712220260004,Ogle,2220,Polo Comm High School,Polo,497.1,504.2
470712230260000,Ogle,2230,Meridian CUSD 223,Stillman Valley,531.6,506.0
470712230260003,Ogle,2230,Stillman Valley High School,Stillman Valley,531.6,506.0
470712260260000,Ogle,2260,Byron CUSD 226,Byron,539.6,522.9
470712260260001,Ogle,2260,Byron High School 9-12,Byron,541.6,524.4
470980010260000,Whiteside,10,Erie CUSD 1,Erie,516.8,513.4
470980010260001,Whiteside,10,Erie High School,Erie,516.8,513.4
470980020260000,Whiteside,20,River Bend CUSD 2,Fulton,491.7,474.0
470980020260001,Whiteside,20,Fulton High School,Fulton,491.7,474.0
470980030260000,Whiteside,30,Prophetstown-Lyndon-Tampico CUSD3,Prophetstown,476.7,460.7
470980030260001,Whiteside,30,Prophetstown High School,Prophetstown,476.7,460.7
470980050260000,Whiteside,50,Sterling CUSD 5,Sterling,480.8,470.7
470980050260014,Whiteside,50,Sterling High School,Sterling,481.5,472.0
470980060260000,Whiteside,60,Morrison CUSD 6,Morrison,496.0,496.3
470980060260001,Whiteside,60,Morrison High School,Morrison,498.3,498.8
470983010170000,Whiteside,3010,Rock Falls Twp HSD 301,Rock Falls,495.0,466.1
470983010170001,Whiteside,3010,Rock Falls Township High School,Rock Falls,495.0,466.1
480721500250000,Peoria,1500,Peoria SD 150,Peoria,455.2,442.4
480721500250023,Peoria,1500,Manual Academy,Peoria,411.4,392.2
480721500250024,Peoria,1500,Peoria High School,Peoria,423.4,415.5
480721500250025,Peoria,1500,Richwoods High School,Peoria,525.8,512.6
480722650260000,Peoria,2650,Farmington Central CUSD 265,Farmington,492.0,473.4
480722650260001,Peoria,2650,Farmington Central High Sch,Farmington,492.0,473.4
480723090260000,Peoria,3090,Brimfield CUSD 309,Brimfield,534.9,528.8
480723090260003,Peoria,3090,Brimfield High School,Brimfield,534.9,528.8
480723100160000,Peoria,3100,Limestone CHSD 310,Peoria,495.0,473.4
480723100160001,Peoria,3100,Limestone Community High School,Peoria,495.8,474.1
480723210260000,Peoria,3210,Il Valley Central USD 321,Chillicothe,509.8,495.5
480723210260007,Peoria,3210,Il Valley Central High School,Chillicothe,513.1,498.1
480723220260000,Peoria,3220,Elmwood CUSD 322,Elmwood,539.3,531.6
480723220260004,Peoria,3220,Elmwood High School,Elmwood,539.3,531.6
480723230260000,Peoria,3230,Dunlap CUSD 323,Peoria,581.6,590.2
480723230260004,Peoria,3230,Dunlap High School,Dunlap,581.6,590.2
480723250260000,Peoria,3250,Peoria Heights CUSD 325,Peoria Heights,487.7,446.6
480723250260005,Peoria,3250,Peoria Heights High School,Peoria Heights,487.7,446.6
480723260260000,Peoria,3260,Princeville CUSD 326,Princeville,520.0,547.5
480723260260005,Peoria,3260,Princeville High School,Princeville,520.0,547.5
480723270260000,Peoria,3270,Illini Bluffs CUSD 327,Glasford,511.8,510.3
480723270260008,Peoria,3270,Illini Bluffs High School,Glasford,511.8,510.3
490810300170000,Rock Island,300,United Twp HSD 30,East Moline,456.0,441.6
490810300170001,Rock Island,300,United Twp High School,East Moline,456.4,442.1
490810400220000,Rock Island,400,Moline-Coal Valley CUSD 40,Moline,485.3,479.2
490810400220001,Rock Island,400,Moline Sr High School,Moline,489.8,483.7
490810410250000,Rock Island,410,Rock Island SD 41,Rock Island,455.2,446.2
490810410250001,Rock Island,410,Rock Island High School,Rock Island,458.5,450.9
490811000260000,Rock Island,1000,Riverdale CUSD 100,Port Byron,526.9,523.0
490811000260001,Rock Island,1000,Riverdale Sr High School,Port Byron,528.3,525.3
490812000260000,Rock Island,2000,Sherrard CUSD 200,Sherrard,506.5,513.4
490812000260001,Rock Island,2000,Sherrard High School,Sherrard,507.8,514.9
490813000260000,Rock Island,3000,Rockridge CUSD 300,Taylor Ridge,527.1,512.6
490813000260001,Rock Island,3000,Rockridge High School,Taylor Ridge,531.2,515.4
500820090260000,Saint Clair,90,Lebanon CUSD 9,Lebanon,489.5,481.0
500820090260003,Saint Clair,90,Lebanon High School,Lebanon,489.5,481.0
500820190260000,Saint Clair,190,Mascoutah CUD 19,Mascoutah,544.0,525.4
500820190260001,Saint Clair,190,Mascoutah High School,Mascoutah,536.1,518.4
500820400260000,Saint Clair,400,Marissa CUSD 40,Marissa,460.8,460.2
500820400260001,Saint Clair,400,Marissa Jr & Sr High School,Marissa,460.8,460.2
500820600260000,Saint Clair,600,New Athens CUSD 60,New Athens,493.1,473.1
500820600260003,Saint Clair,600,New Athens High School,New Athens,482.9,465.8
500820770160000,Saint Clair,770,Freeburg CHSD 77,Freeburg,521.6,512.5
500820770160001,Saint Clair,770,Freeburg Community High Sch,Freeburg,520.6,511.5
500821870260000,Saint Clair,1870,Cahokia CUSD 187,Cahokia,418.4,391.8
500821870260011,Saint Clair,1870,Cahokia High School,Cahokia,412.3,384.1
500821880220000,Saint Clair,1880,Brooklyn UD 188,Lovejoy,382.5,362.5
500821880220001,Saint Clair,1880,Lovejoy Technology Academy,Lovejoy,382.5,362.5
500821890220000,Saint Clair,1890,East St Louis SD 189,East Saint Louis,408.5,386.0
500821890220043,Saint Clair,1890,East St Louis Senior High School,East Saint Louis,406.0,383.6
500821960260000,Saint Clair,1960,Dupo CUSD 196,Dupo,476.6,464.5
500821960260001,Saint Clair,1960,Dupo High School,Dupo,476.6,464.5
500822010170000,Saint Clair,2010,Belleville Twp HSD 201,Belleville,491.7,479.7
500822010170001,Saint Clair,2010,Belleville High School-East,Belleville,498.0,485.8
500822010170002,Saint Clair,2010,Belleville High School-West,Belleville,494.1,483.7
500822030170000,Saint Clair,2030,O Fallon Twp HSD 203,O Fallon,540.7,538.4
500822030170001,Saint Clair,2030,O Fallon High School,O Fallon,539.2,537.3
510652000260000,Menard,2000,Greenview CUSD 200,Greenview,450.7,422.9
510652000260001,Menard,2000,Greenview Jr/Sr High School,Greenview,450.7,422.9
510652020260000,Menard,2020,Porta CUSD 202,Petersburg,493.4,461.2
510652020260001,Menard,2020,Porta High School,Petersburg,493.3,461.5
510652130260000,Menard,2130,Athens CUSD 213,Athens,522.3,509.1
510652130260001,Menard,2130,Athens Sr High School,Athens,522.3,509.1
510840010260000,Sangamon,10,Tri City CUSD 1,Buffalo,487.1,490.0
510840010260001,Sangamon,10,Tri-City High School,Buffalo,487.1,490.0
510840050260000,Sangamon,50,Ball Chatham CUSD 5,Chatham,533.7,529.7
510840050260001,Sangamon,50,Glenwood High School,Chatham,533.7,529.7
510840080260000,Sangamon,80,Pleasant Plains CUSD 8,Pleasant Plains,532.2,525.1
510840080260001,Sangamon,80,Pleasant Plains High School,Pleasant Plains,532.2,525.1
510840100260000,Sangamon,100,Auburn CUSD 10,Auburn,494.0,459.1
510840100260001,Sangamon,100,Auburn High School,Auburn,494.0,459.1
510840110260000,Sangamon,110,Pawnee CUSD 11,Pawnee,496.7,455.6
510840110260001,Sangamon,110,Pawnee Jr/Sr High Sch,Pawnee,496.7,455.6
510840140260000,Sangamon,140,Riverton CUSD 14,Riverton,502.2,497.6
510840140260001,Sangamon,140,Riverton High School,Riverton,502.2,497.6
510840150260000,Sangamon,150,Williamsville CUSD 15,Williamsville,551.8,542.6
510840150260001,Sangamon,150,Williamsville High School,Williamsville,551.8,542.6
510840160260000,Sangamon,160,New Berlin CUSD 16,New Berlin,508.8,486.6
510840160260001,Sangamon,160,New Berlin High School,New Berlin,511.9,489.7
510841860250000,Sangamon,1860,Springfield SD 186,Springfield,483.0,471.4
510841860250001,Sangamon,1860,Lanphier High School,Springfield,442.8,433.3
510841860250002,Sangamon,1860,Springfield High School,Springfield,527.3,517.8
510841860250003,Sangamon,1860,Springfield Southeast High Sch,Springfield,464.9,449.4
510841860250004,Sangamon,1860,Springfield Learning Academy,Springfield,406.9,388.3
530601260260000,Mason,1260,Havana CUSD 126,Havana,500.6,480.0
530601260260001,Mason,1260,Havana High School,Havana,500.6,480.0
530601890260000,Mason,1890,Illini Central CUSD 189,Mason City,464.3,443.9
530601890260001,Mason,1890,Illini Central High School,Mason City,464.3,443.9
530601910260000,Mason,1910,Midwest Central CUSD 191,Manito,495.0,463.0
530601910260001,Mason,1910,Midwest Central High School,Manito,495.9,463.8
530903030160000,Tazewell,3030,Pekin CSD 303,Pekin,487.4,494.2
530903030160002,Tazewell,3030,Pekin Community High School,Pekin,488.1,494.7
530903080160000,Tazewell,3080,Washington CHSD 308,Washington,527.8,527.8
530903080160001,Tazewell,3080,Washington Comm High School,Washington,527.8,527.8
530903090160000,Tazewell,3090,East Peoria CHSD 309,East Peoria,478.3,470.4
530903090160001,Tazewell,3090,East Peoria High School,East Peoria,479.4,471.5
530907010260000,Tazewell,7010,Deer Creek-Mackinaw CUSD 701,Mackinaw,534.1,512.8
530907010260001,Tazewell,7010,Dee-Mack High School,Mackinaw,534.1,512.8
530907020260000,Tazewell,7020,Tremont CUSD 702,Tremont,533.8,522.0
530907020260001,Tazewell,7020,Tremont High School,Tremont,533.8,522.0
530907030260000,Tazewell,7030,Delavan CUSD 703,Delavan,495.9,504.3
530907030260001,Tazewell,7030,Delavan High School,Delavan,495.9,504.3
530907090260000,Tazewell,7090,Morton CUSD 709,Morton,562.5,563.1
530907090260006,Tazewell,7090,Morton High School,Morton,562.5,563.1
531020060260000,Woodford,60,Fieldcrest CUSD 6,Minonk,511.3,525.6
531020060260001,Woodford,60,Fieldcrest High School,Minonk,511.3,525.6
531020110260000,Woodford,110,El Paso-Gridley CUSD 11,El Paso,537.4,490.4
531020110260001,Woodford,110,El Paso-Gridley High School,El Paso,537.4,490.4
531020210260000,Woodford,210,Lowpoint-Washburn CUSD 21,Washburn,486.2,454.3
531020210260001,Woodford,210,Lowpoint-Washburn Jr Sr High Sch,Washburn,486.2,454.3
531020600260000,Woodford,600,Roanoke Benson CUSD 60,Roanoke,520.0,527.4
531020600260001,Woodford,600,Roanoke-Benson High School,Roanoke,522.9,529.8
531021220170000,Woodford,1220,County of Woodford School,Metamora,542.7,540.1
531021220170001,Woodford,1220,Metamora High School,Metamora,543.3,541.1
531021400260000,Woodford,1400,Eureka CUD 140,Eureka,560.6,543.0
531021400260001,Woodford,1400,Eureka High School,Eureka,560.6,543.0
540920020260000,Vermilion,20,Westville CUSD 2,Westville,459.9,455.5
540920020260004,Vermilion,20,Westville High School,Westville,459.9,455.5
540920040260000,Vermilion,40,Georgetown-Ridge Farm CUD 4,Georgetown,471.4,453.4
540920040260004,Vermilion,40,Georgetown-Ridge Farm High School,Georgetown,471.4,453.4
540920070260000,Vermilion,70,Rossville-Alvin CUSD 7,Rossville,385.0,400.0
540920110260000,Vermilion,110,Hoopeston Area CUSD 11,Hoopeston,500.6,483.2
540920110260005,Vermilion,110,Hoopeston Area High School,Hoopeston,502.5,484.8
540920760260000,Vermilion,760,Oakwood CUSD 76,Oakwood,480.8,484.3
540920760260001,Vermilion,760,Oakwood High School,Fithian,482.8,486.3
540921180240000,Vermilion,1180,Danville CCSD 118,Danville,451.1,430.1
540921180240022,Vermilion,1180,Danville High School,Danville,452.7,431.3
540922250170000,Vermilion,2250,Armstrong Twp HSD 225,Armstrong,486.9,477.4
540922250170001,Vermilion,2250,Armstrong High School,Armstrong,486.9,477.4
540925120260000,Vermilion,5120,Salt Fork Community Unit District  512,Catlin,479.9,466.4
540925120260001,Vermilion,5120,Salt Fork High School,Catlin,479.9,466.4
540928000800000,Vermilion,8000,Bismarck Henning Rossville Alvin Cooperative High School,Bismarck,507.1,481.0
540928000800001,Vermilion,8000,Bismarck Henning Rossville Alvin Cooperative High School,Bismarck,507.1,481.0
560992020220000,Will,2020,Plainfield SD 202,Plainfield,513.7,517.0
560992020220001,Will,2020,Plainfield High School,Plainfield,503.4,505.9
560992020220002,Will,2020,Plainfield South High School,Plainfield,503.3,505.6
560992020220003,Will,2020,Plainfield North High School,Plainfield,537.1,542.3
560992020220004,Will,2020,Plainfield East High School,Plainfield,514.3,518.1
560992040170000,Will,2040,Joliet Twp HSD 204,Joliet,475.3,467.8
560992040170001,Will,2040,Joliet Central High School,Joliet,461.7,457.0
560992040170003,Will,2040,Joliet West High School,Joliet,490.0,480.7
560992050170000,Will,2050,Lockport Twp HSD 205,Lockport,529.7,530.0
560992050170001,Will,2050,Lockport Township High Sch East,Lockport,530.5,531.0
560992100160000,Will,2100,Lincoln Way CHSD 210,New Lenox,551.8,559.1
560992100160001,Will,2100,Lincoln-Way Central High School,New Lenox,556.2,562.7
560992100160002,Will,2100,Lincoln-Way East High School,Frankfort,555.9,560.2
560992100160004,Will,2100,Lincoln Way West,New Lenox,542.4,558.1
601054280300000,Dept Of Corrections,4280,IDJJ Sch Dist 428,Chicago,385.0,340.0
601054280303028,Dept Of Corrections,4280,School District 428 IYC-HRB,Harrisburg,385.0,340.0
651089000800000,State Of Illinois,9000,Dept of Human Services,Springfield,392.3,365.9
651089010800000,State Of Illinois,9010,ISU  Laboratory Schools,Normal,390.0,340.0
651089010800001,State Of Illinois,9010,University High School,Normal,390.0,340.0
04101205025201C,Winnebago,2050,Legacy Acad of Excellence Charter Sch,Rockford,330.0,355.0
07016901025001C,Cook,9010,Southland College Prep Charter High School,Richton Park,528.2,513.2
11012002C260000,Clark,002C,Marshall CUSD 2C,Marshall,499.9,496.8
11012002C260001,Clark,002C,Marshall High School,Marshall,499.9,496.8
11012003C260000,Clark,003C,Martinsville CUSD 3C,Martinsville,460.7,445.9
11012003C260001,Clark,003C,Martinsville Jr-Sr High School,Martinsville,462.9,448.2
11012004C260000,Clark,004C,Casey-Westfield CUSD 4C,Casey,472.4,487.9
11012004C260001,Clark,004C,Casey-Westfield Jr/Sr HS,Casey,472.1,489.3
11087003A260000,Shelby,003A,Cowden-Herrick CUSD 3A,Cowden,508.5,483.0
11087003A260001,Shelby,003A,Cowden-Herrick Jr/Sr High School,Cowden,508.1,482.8
11087005A260000,Shelby,005A,Stewardson-Strasburg CUD 5A,Strasburg,488.1,473.8
11087005A260001,Shelby,005A,Stewardson-Strasburg High School,Strasburg,488.1,473.8
15016299025007C,Cook,2990,Young Womens Leadership Chartr HS,Chicago,425.8,404.2
15016299025009C,Cook,2990,Ace Technical Charter High School,Chicago,412.8,395.2
15016299025010C,Cook,2990,Urban Prep Chtr Acad Englewood HS,Chicago,437.4,435.3
15016299025012C,Cook,2990,IHSCA Charter High School,Chicago,420.8,419.9
15016299025013C,Cook,2990,Urban Prep Chtr Acad Bronzeville HS,Chicago,425.7,420.4
15016299025015C,Cook,2990,EPIC Academy High School,Chicago,460.4,442.9
15016299025016C,Cook,2990,Urban Prep Chtr Acad West Campus HS,Chicago,433.1,417.3
15016299025019C,Cook,2990,Legal Prep Academy Charter HS,Chicago,436.7,440.2
15016299025020C,Cook,2990,IJLA Charter High School,Chicago,417.7,389.5
15016299025022C,Cook,2990,Intrinsic Charter High School,Chicago,483.1,496.2
15016299025027C,Cook,2990,CICS - Quest North Campus,Chicago,435.8,411.9
15016299025028C,Cook,2990,Noble St Chtr-Pritzker College Prep,Chicago,521.3,546.1
15016299025029C,Cook,2990,Noble St Chtr Rauner College Prep,Chicago,505.4,513.1
15016299025030C,Cook,2990,Noble St Chtr-Rowe-Clark MS Acad,Chicago,470.6,468.5
15016299025031C,Cook,2990,Noble St Chtr-Golder College Prep,Chicago,507.5,515.7
15016299025032C,Cook,2990,Noble St Chtr-Comer College Prep,Chicago,470.7,472.2
15016299025033C,Cook,2990,Noble St Chtr-UIC College Prep,Chicago,510.5,539.8
15016299025034C,Cook,2990,Noble St Chtr-Chicago Bulls Prep,Chicago,498.1,532.9
15016299025035C,Cook,2990,Noble St Chtr-Muchin College Prep,Chicago,516.8,537.5
15016299025036C,Cook,2990,Noble St Chtr-Johnson College Prep,Chicago,448.3,454.2
15016299025037C,Cook,2990,Noble St Chtr-Hansberry College Prep - Silver,Chicago,484.7,452.4
15016299025038C,Cook,2990,Noble St Chtr-DRW Trading College Prep,Chicago,458.0,455.3
15016299025039C,Cook,2990,Noble St Chtr-Butler College Prep - Crimson,Chicago,463.9,470.2
15016299025040C,Cook,2990,Noble St Chtr-Baker Campus,Chicago,468.2,484.4
15016299025041C,Cook,2990,Noble St Chtr-Noble Campus,Chicago,509.5,540.5
15016299025042C,Cook,2990,Noble St Chtr-ITW Speer Acad,Chicago,499.4,540.4
15016299025043C,Cook,2990,Noble St Chtr-The Noble Academy,Chicago,523.6,541.4
15016299025046C,Cook,2990,North Lawndale Prep Chtr-Collins,Chicago,429.4,429.9
15016299025049C,Cook,2990,Acero Chtr Sch Newtwork- Sor Juana Ines de la Cruz,Chicago,415.1,424.4
15016299025050C,Cook,2990,Perspectives Chtr - Joslin Campus,Chicago,445.1,406.4
15016299025051C,Cook,2990,Perspectives Chtr - Leadership Acad,Chicago,440.0,405.3
15016299025052C,Cook,2990,Perspectives Chtr - High School of Technology,Chicago,440.3,414.4
15016299025053C,Cook,2990,Perspectives Chtr -  IIT Campus,Chicago,451.3,436.4
15016299025054C,Cook,2990,YCCS-Scholastic Achievement HS,Chicago,389.2,354.8
15016299025055C,Cook,2990,YCCS- McKinley-Lakeside Leadership Academy,Chicago,377.8,360.7
15016299025056C,Cook,2990,YCCS-ASPIRA Pantoja Alt HS,Chicago,397.6,385.4
15016299025057C,Cook,2990,YCCS-Assoc Hse El Cuarto Ano HS,Chicago,407.0,384.7
15016299025058C,Cook,2990,YCCS-Austin Career Ed Cntr HS,Chicago,390.2,365.6
15016299025059C,Cook,2990,YCCS-CCA Academy HS,Chicago,387.8,363.1
15016299025060C,Cook,2990,YCCS-Progressive Leadership Academy,Chicago,386.6,365.3
15016299025061C,Cook,2990,YCCS-Community Youth Dev Inst HS,Chicago,386.7,376.2
15016299025062C,Cook,2990,YCCS-Albizu Campus Puerto Rican HS,Chicago,399.6,383.1
15016299025063C,Cook,2990,YCCS-Innovations of Arts Integr HS,Chicago,403.9,393.0
15016299025064C,Cook,2990,YCCS-Jane Addams Alternative HS,Chicago,430.2,420.4
15016299025065C,Cook,2990,YCCS-Latino Youth Alternative HS,Chicago,414.7,391.5
15016299025066C,Cook,2990,YCCS-Olive Harvey Mid College HS,Chicago,394.8,376.2
15016299025067C,Cook,2990,YCCS-Sullivan House Alt HS,Chicago,396.0,370.0
15016299025068C,Cook,2990,YCCS-Truman Middle College HS,Chicago,447.9,420.8
15016299025070C,Cook,2990,YCCS-West Town Academy Alt HS,Chicago,402.9,389.8
15016299025071C,Cook,2990,YCCS-Westside Holistic Ldr Acad HS,Chicago,406.5,388.6
15016299025072C,Cook,2990,YCCS-Youth Connection Leadership Academy,Chicago,420.2,389.1
15016299025073C,Cook,2990,YCCS Chtr - Chatham,Chicago,396.1,376.5
15016299025074C,Cook,2990,ASPIRA Charter - Early College Prep HS,Chicago,427.0,415.1
15016299025079C,Cook,2990,Aspira Charter - Business and Finance HS,Chicago,421.8,409.3
15016299025082C,Cook,2990,CICS - Northtown  Campus,Chicago,481.2,471.7
15016299025083C,Cook,2990,CICS - Ralph Ellison Campus,Chicago,425.8,405.4
15016299025084C,Cook,2990,North Lawndale Prep Chtr - Christiana,Chicago,421.8,436.4
15016299025085C,Cook,2990,Acero Chtr Sch Network -  Major Hector P Garcia MD Campus,Chicago,467.4,454.0
15016299025086C,Cook,2990,Acero Chtr Sch Network Victoria Soto Campus,Chicago,444.5,431.4
15016299025107C,Cook,2990,Univ of Chicago Chtr-Woodlawn,Chicago,451.2,439.8
15016299025217C,Cook,2990,Chicago Math & Sci Elem Charter,Chicago,492.3,519.5
15016299025225C,Cook,2990,Chicago Virtual Charter School,Chicago,492.6,450.4
15016299025232C,Cook,2990,Catalyst Charter - Maria ES,Chicago,445.0,440.0
15016299025240C,Cook,2990,Horizon Sci Academy - Southwest Charter,Chicago,422.6,403.2
15016299025247C,Cook,2990,CICS - Longwood Campus,Chicago,413.3,392.8
15016900025201C,Cook,9000,Horizon Science Acad-McKinley Park Charter Sch,Chicago,477.8,484.5
15016902025201C,Cook,9020,Amandla Charter School,Chicago,405.9,378.7
17053006J260000,Livingston,006J,Tri Point CUSD 6-J,Kempton,475.8,457.1
17053006J260001,Livingston,006J,Tri-Point High School,Cullom,480.9,461.7
17064005026001C,McLean,50,YBMC Charter Sch,Normal,387.9,357.9
31045300026201C,Kane,3000,Cambridge Lakes Charter School,Pingree Grove,525.0,443.0
48072150025027C,Peoria,1500,Quest Charter School Academy,Peoria,443.8,425.2
50082189022001C,Saint Clair,1890,SIU Charter Sch of East St Louis,East Saint Louis,424.3,402.2
51084003A260000,Sangamon,003A,Rochester CUSD 3A,Rochester,529.0,509.6
51084003A260001,Sangamon,003A,Rochester High School,Rochester,529.0,509.6
56099200U260000,Will,200U,Beecher CUSD 200U,Beecher,494.4,479.0
56099200U260001,Will,200U,Beecher High School,Beecher,496.4,480.6
56099201U260000,Will,201U,Crete Monee CUSD 201U,Crete,479.9,444.4
56099201U260001,Will,201U,Crete-Monee High School,Crete,482.0,446.5
56099207U260000,Will,207U,Peotone CUSD 207U,Peotone,513.0,492.7
56099207U260001,Will,207U,Peotone High School,Peotone,514.0,493.7
56099209U260000,Will,209U,Wilmington CUSD 209U,Wilmington,480.5,458.4
56099209U260001,Will,209U,Wilmington High School,Wilmington,482.1,460.0
56099255U260000,Will,255U,Reed Custer CUSD 255U,Braidwood,479.1,483.8
56099255U260001,Will,255U,Reed-Custer High School,Braidwood,480.3,484.9
56099365U260000,Will,365U,Valley View CUSD 365U,Romeoville,490.3,489.1
56099365U260007,Will,365U,Bolingbrook High School,Bolingbrook,490.0,490.8
56099365U260008,Will,365U,Romeoville High School,Romeoville,493.2,488.3
