RCDTS,Type,District,School Type,City,County,District Type,District Size,Student Enrollment - Total,Student Enrollment - Low Income %,Avg Class Size â€“ All Grades,Teacher Retention Rate,# of 12 graders who took advanced Courses,Avg Number of days of Physical Education Per Week Per Student,Community College Remediation %,Avg Class Size - High School,Chronic Absenteeism,Number of students who took AP Exams Grade 10,Number of students who passed AP Exams Grade 12,Chronic Absenteeism - Low Income,Low Income Count
010011720220003,School,Quincy SD 172,HIGH SCHOOL,Quincy,Adams,UNIT,LARGE,1753.0,50.3,20.0,81.9,151.0,5.0,29.2,20.0,31.3,35.0,120.0,47.5,881.759
010691170220014,School,Jacksonville SD 117,HIGH SCHOOL,Jacksonville,Morgan,UNIT,LARGE,986.0,47.4,17.0,85.9,41.0,4.0,69.0,17.0,26.1,11.0,49.0,37.4,467.364
040041000260002,School,Belvidere CUSD 100,HIGH SCHOOL,Belvidere,Boone,UNIT,LARGE,1515.0,32.7,22.0,91.9,136.0,5.0,40.5,22.0,18.7,16.0,25.0,30.1,495.40500000000003
040042000260003,School,North Boone CUSD 200,HIGH SCHOOL,Poplar Grove,Boone,UNIT,MEDIUM,503.0,45.3,18.0,80.5,30.0,5.0,33.3,18.0,3.4,44.0,33.0,6.2,227.85899999999998
041011220220002,School,Harlem UD 122,HIGH SCHOOL,Machesney Park,Winnebago,UNIT,LARGE,1529.0,49.2,21.0,84.3,132.0,5.0,38.3,21.0,43.2,35.0,271.0,55.1,752.268
041012050250001,School,Rockford SD 205,HIGH SCHOOL,Rockford,Winnebago,UNIT,LARGE,1805.0,53.2,22.0,90.0,163.0,5.0,52.7,22.0,27.1,313.0,564.0,100.0,960.2600000000001
041012050250002,School,Rockford SD 205,HIGH SCHOOL,Rockford,Winnebago,UNIT,LARGE,1864.0,54.7,19.0,89.3,82.0,5.0,50.3,19.0,25.1,26.0,24.0,31.9,1019.6080000000001
041012050250003,School,Rockford SD 205,HIGH SCHOOL,Rockford,Winnebago,UNIT,LARGE,1744.0,39.9,24.0,85.1,186.0,5.0,52.0,24.0,21.9,84.0,247.0,34.4,695.856
041012050250004,School,Rockford SD 205,HIGH SCHOOL,Rockford,Winnebago,UNIT,LARGE,1680.0,55.8,20.0,86.0,128.0,5.0,48.6,20.0,30.4,26.0,44.0,40.2,937.4399999999999
041012070160001,School,Hononegah CHD 207,HIGH SCHOOL,Rockton,Winnebago,HIGH SCHOOL,MEDIUM,2006.0,21.3,23.0,94.2,245.0,5.0,26.1,23.0,15.3,210.0,707.0,30.4,427.27799999999996
050162020170001,School,Evanston Twp HSD 202,HIGH SCHOOL,Evanston,Cook,HIGH SCHOOL,MEDIUM,3459.0,38.4,19.0,91.5,596.0,5.0,57.0,19.0,12.9,56.0,1387.0,23.4,1328.256
050162030170001,School,New Trier Twp HSD 203,HIGH SCHOOL,Winnetka,Cook,HIGH SCHOOL,LARGE,2934.0,3.7,21.0,92.9,602.0,5.0,40.6,21.0,12.4,54.0,2007.0,26.8,108.55800000000002
050162070170001,School,Maine Township HSD 207,HIGH SCHOOL,Park Ridge,Cook,HIGH SCHOOL,LARGE,1830.0,43.7,20.0,90.4,321.0,5.0,60.6,20.0,21.6,117.0,685.0,28.4,799.7100000000002
050162070170003,School,Maine Township HSD 207,HIGH SCHOOL,Park Ridge,Cook,HIGH SCHOOL,LARGE,2397.0,7.3,21.0,92.4,460.0,5.0,38.6,21.0,19.4,238.0,1089.0,30.7,174.981
050162070170004,School,Maine Township HSD 207,HIGH SCHOOL,Des Plaines ,Cook,HIGH SCHOOL,LARGE,2059.0,34.9,21.0,93.7,350.0,5.0,61.7,21.0,20.9,183.0,687.0,27.9,718.591
050162110170001,School,Township HSD 211,HIGH SCHOOL,Hoffman Estates,Cook,HIGH SCHOOL,LARGE,2349.0,26.9,22.0,91.7,543.0,5.0,24.1,22.0,11.2,315.0,1066.0,20.6,631.8809999999999
050162110170002,School,Township HSD 211,HIGH SCHOOL,Palatine,Cook,HIGH SCHOOL,LARGE,2594.0,15.0,22.0,95.2,504.0,5.0,14.3,22.0,11.1,447.0,1555.0,28.4,389.09999999999997
050162110170003,School,Township HSD 211,HIGH SCHOOL,Palatine,Cook,HIGH SCHOOL,LARGE,2587.0,55.0,22.0,95.9,474.0,5.0,18.1,22.0,19.5,192.0,888.0,28.0,1422.8500000000001
050162110170004,School,Township HSD 211,HIGH SCHOOL,Schaumburg,Cook,HIGH SCHOOL,LARGE,2116.0,31.6,21.0,93.0,464.0,5.0,21.1,21.0,13.8,148.0,1026.0,21.0,668.6560000000001
050162110170006,School,Township HSD 211,HIGH SCHOOL,Hoffman Estates,Cook,HIGH SCHOOL,LARGE,1907.0,49.6,20.0,95.4,384.0,5.0,20.6,20.0,14.5,167.0,799.0,19.6,945.872
050162140170002,School,Township HSD 214,HIGH SCHOOL,Elk Grove Village,Cook,HIGH SCHOOL,LARGE,1935.0,28.2,23.0,95.8,420.0,5.0,22.3,23.0,23.3,267.0,693.0,23.4,545.67
050162140170004,School,Township HSD 214,HIGH SCHOOL,Arlington Heights,Cook,HIGH SCHOOL,LARGE,1864.0,11.5,19.0,96.6,444.0,5.0,15.5,19.0,14.7,418.0,1650.0,20.5,214.36
050162140170005,School,Township HSD 214,HIGH SCHOOL,Mt Prospect,Cook,HIGH SCHOOL,LARGE,2150.0,7.5,24.0,96.2,449.0,5.0,14.5,24.0,11.9,388.0,1465.0,24.8,161.25
050162140170006,School,Township HSD 214,HIGH SCHOOL,Wheeling,Cook,HIGH SCHOOL,LARGE,1718.0,38.7,20.0,96.9,365.0,5.0,27.9,20.0,23.7,273.0,448.0,26.7,664.866
050162140170007,School,Township HSD 214,HIGH SCHOOL,Rolling Meadows,Cook,HIGH SCHOOL,LARGE,1900.0,20.3,21.0,95.9,429.0,4.0,19.5,21.0,18.5,187.0,884.0,22.9,385.70000000000005
050162140170008,School,Township HSD 214,HIGH SCHOOL,Buffalo Grove,Cook,HIGH SCHOOL,LARGE,2004.0,16.3,21.0,96.2,444.0,5.0,26.2,21.0,19.3,331.0,1256.0,32.9,326.652
050162190170002,School,Niles Twp HSD 219,HIGH SCHOOL,Skokie,Cook,HIGH SCHOOL,LARGE,2059.0,31.8,18.0,92.5,256.0,5.0,53.8,18.0,12.6,234.0,659.0,20.1,654.7620000000001
050162190170003,School,Niles Twp HSD 219,HIGH SCHOOL,Skokie,Cook,HIGH SCHOOL,LARGE,2435.0,30.6,20.0,93.5,331.0,5.0,53.3,20.0,15.3,237.0,779.0,25.0,745.11
050162250170001,School,Northfield Twp HSD 225,HIGH SCHOOL,Northbrook,Cook,HIGH SCHOOL,LARGE,1988.0,5.8,21.0,93.2,304.0,3.0,27.8,21.0,7.9,166.0,1055.0,15.5,115.30399999999999
050162250170002,School,Northfield Twp HSD 225,HIGH SCHOOL,Glenview,Cook,HIGH SCHOOL,LARGE,3067.0,19.9,21.0,90.3,571.0,3.0,54.1,21.0,8.7,145.0,1757.0,15.5,610.333
060162000130001,School,Oak Park - River Forest SD 200,HIGH SCHOOL,Oak Park,Cook,HIGH SCHOOL,MEDIUM,3370.0,21.5,18.0,93.3,508.0,5.0,52.2,18.0,17.7,127.0,1206.0,15.7,724.55
060162010170001,School,J S Morton HSD 201,HIGH SCHOOL,Cicero,Cook,HIGH SCHOOL,LARGE,3485.0,92.2,23.0,91.9,685.0,5.0,61.5,23.0,40.4,94.0,623.0,43.5,3213.17
060162010170002,School,J S Morton HSD 201,HIGH SCHOOL,Berwyn,Cook,HIGH SCHOOL,LARGE,3539.0,81.2,23.0,93.2,510.0,5.0,63.0,23.0,35.2,190.0,382.0,43.1,2873.668
060162040170001,School,Lyons Twp HSD 204,HIGH SCHOOL,La Grange,Cook,HIGH SCHOOL,LARGE,4000.0,12.2,24.0,96.6,710.0,5.0,31.5,24.0,10.6,57.0,1982.0,27.6,488.0
060162080170001,School,Riverside-Brookfield Twp SD 208,HIGH SCHOOL,Riverside,Cook,HIGH SCHOOL,MEDIUM,1615.0,14.4,23.0,96.0,323.0,5.0,53.9,23.0,11.0,303.0,789.0,26.6,232.56000000000003
060162090170002,School,Proviso Twp HSD 209,HIGH SCHOOL,Hillside,Cook,HIGH SCHOOL,LARGE,1797.0,17.9,19.0,84.1,90.0,5.0,71.3,19.0,26.2,65.0,22.0,24.5,321.663
060162120160001,School,Leyden CHSD 212,HIGH SCHOOL,Franklin Park,Cook,HIGH SCHOOL,MEDIUM,1824.0,51.4,21.0,93.8,254.0,5.0,56.8,21.0,21.6,199.0,398.0,29.6,937.5360000000001
060162120160002,School,Leyden CHSD 212,HIGH SCHOOL,Northlake,Cook,HIGH SCHOOL,MEDIUM,1575.0,61.5,19.0,92.5,189.0,5.0,59.5,19.0,18.0,130.0,257.0,20.8,968.625
060162340160001,School,Ridgewood CHSD 234,HIGH SCHOOL,Norridge,Cook,HIGH SCHOOL,MEDIUM,860.0,25.0,17.0,86.4,102.0,5.0,56.6,17.0,28.8,49.0,172.0,34.5,215.0
060164010260001,School,Elmwood Park CUSD 401,HIGH SCHOOL,Elmwood Park,Cook,UNIT,LARGE,931.0,43.1,22.0,90.9,97.0,5.0,60.4,22.0,18.1,142.0,233.0,22.7,401.26099999999997
070162100170001,School,Lemont Twp HSD 210,HIGH SCHOOL,Lemont,Cook,HIGH SCHOOL,MEDIUM,1404.0,13.1,21.0,95.1,281.0,2.0,31.6,21.0,14.9,179.0,547.0,26.7,183.924
070162170160001,School,Argo CHSD 217,HIGH SCHOOL,Summit,Cook,HIGH SCHOOL,MEDIUM,1909.0,65.4,23.0,93.8,159.0,5.0,55.1,23.0,20.3,112.0,284.0,23.2,1248.486
070162180160001,School,CHSD 218,HIGH SCHOOL,Blue Island,Cook,HIGH SCHOOL,LARGE,1813.0,86.4,19.0,93.1,238.0,5.0,70.3,19.0,21.9,37.0,155.0,24.2,1566.4320000000002
070162180160004,School,CHSD 218,HIGH SCHOOL,Oak Lawn,Cook,HIGH SCHOOL,LARGE,1624.0,59.5,18.0,94.0,233.0,5.0,68.8,18.0,17.3,59.0,257.0,21.0,966.28
070162180160007,School,CHSD 218,HIGH SCHOOL,Palos Heights,Cook,HIGH SCHOOL,LARGE,1744.0,58.1,19.0,95.6,250.0,5.0,61.8,19.0,19.4,84.0,304.0,26.6,1013.2639999999999
070162200170001,School,Reavis Twp HSD 220,HIGH SCHOOL,Burbank,Cook,HIGH SCHOOL,MEDIUM,1797.0,51.8,21.0,93.4,252.0,5.0,62.5,21.0,14.3,38.0,156.0,15.1,930.846
070162270170001,School,Rich Twp HSD 227,HIGH SCHOOL,Park Forest,Cook,HIGH SCHOOL,MEDIUM,913.0,87.2,11.0,78.7,137.0,4.0,64.1,11.0,34.7,16.0,41.0,36.2,796.136
070162270170002,School,Rich Twp HSD 227,HIGH SCHOOL,Olympia Fields,Cook,HIGH SCHOOL,MEDIUM,1045.0,76.0,15.0,78.2,150.0,5.0,68.4,15.0,38.8,38.0,39.0,42.3,794.2
070162270170003,School,Rich Twp HSD 227,HIGH SCHOOL,Richton Park,Cook,HIGH SCHOOL,MEDIUM,947.0,82.9,11.0,79.5,163.0,5.0,65.7,11.0,31.4,39.0,56.0,34.5,785.0630000000001
070162280160001,School,Bremen CHSD 228,HIGH SCHOOL,Midlothian,Cook,HIGH SCHOOL,LARGE,1405.0,33.0,27.0,93.2,206.0,5.0,68.9,27.0,8.0,60.0,93.0,16.2,463.65000000000003
070162280160002,School,Bremen CHSD 228,HIGH SCHOOL,Tinley Park,Cook,HIGH SCHOOL,LARGE,1049.0,25.9,21.0,94.4,163.0,5.0,61.6,21.0,22.6,63.0,222.0,33.9,271.69100000000003
070162280160003,School,Bremen CHSD 228,HIGH SCHOOL,Country Club Hills,Cook,HIGH SCHOOL,LARGE,1183.0,48.4,20.0,89.9,147.0,5.0,81.6,20.0,34.3,43.0,27.0,40.7,572.572
070162280160004,School,Bremen CHSD 228,HIGH SCHOOL,Oak Forest,Cook,HIGH SCHOOL,LARGE,1290.0,27.8,20.0,93.2,159.0,5.0,60.8,20.0,5.5,128.0,270.0,11.6,358.62
070162290160001,School,Oak Lawn CHSD 229,HIGH SCHOOL,Oak Lawn,Cook,HIGH SCHOOL,MEDIUM,1823.0,36.3,22.0,93.4,120.0,5.0,56.5,22.0,15.0,54.0,134.0,17.3,661.749
070162300130001,School,Cons HSD 230,HIGH SCHOOL,Orland Park,Cook,HIGH SCHOOL,LARGE,2865.0,12.4,18.0,95.9,501.0,5.0,46.4,18.0,12.4,612.0,1076.0,23.5,355.26
070162300130002,School,Cons HSD 230,HIGH SCHOOL,Palos Hills,Cook,HIGH SCHOOL,LARGE,2257.0,29.0,17.0,93.4,289.0,5.0,43.5,17.0,13.0,330.0,377.0,20.4,654.53
070162300130003,School,Cons HSD 230,HIGH SCHOOL,Orland Hills,Cook,HIGH SCHOOL,LARGE,2142.0,17.2,17.0,96.7,287.0,5.0,49.4,17.0,15.4,355.0,401.0,25.6,368.424
070162330160001,School,Homewood Flossmoor CHSD 233,HIGH SCHOOL,Flossmoor,Cook,HIGH SCHOOL,MEDIUM,2757.0,22.6,14.0,90.8,338.0,4.0,50.9,14.0,18.8,229.0,546.0,25.9,623.082
090100030260001,School,Mahomet-Seymour CUSD 3,HIGH SCHOOL,Mahomet,Champaign,UNIT,LARGE,919.0,16.6,17.0,89.6,106.0,5.0,45.3,17.0,24.2,24.0,266.0,45.1,152.554
090100040260001,School,Champaign CUSD 4,HIGH SCHOOL,Champaign,Champaign,UNIT,LARGE,1404.0,56.2,16.0,85.8,214.0,5.0,67.5,16.0,32.8,106.0,168.0,39.9,789.0480000000001
090100040260002,School,Champaign CUSD 4,HIGH SCHOOL,Champaign,Champaign,UNIT,LARGE,1283.0,46.6,15.0,87.9,179.0,5.0,67.0,15.0,30.8,102.0,270.0,44.5,597.878
0130582000170001,School,Centralia HSD 200,HIGH SCHOOL,Centralia,Marion,HIGH SCHOOL,MEDIUM,905.0,58.2,18.0,93.3,138.0,5.0,30.4,18.0,20.1,31.0,18.0,23.1,526.71
0150162990250020,School,City of Chicago SD 299,HIGH SCHOOL,Chicago,Cook,UNIT,LARGE,1778.0,96.5,26.0,93.9,267.0,0.0,78.4,26.0,42.4,97.0,107.0,42.8,1715.77
0150162990250024,School,City of Chicago SD 299,HIGH SCHOOL,Chicago,Cook,UNIT,LARGE,1688.0,75.0,25.0,93.3,133.0,5.0,75.6,25.0,42.5,75.0,55.0,45.9,1266.0
0150162990250025,School,City of Chicago SD 299,HIGH SCHOOL,Chicago,Cook,UNIT,LARGE,1756.0,59.8,21.0,91.0,295.0,0.0,55.1,23.0,19.0,98.0,133.0,22.5,1050.088
0150162990250026,School,City of Chicago SD 299,HIGH SCHOOL,Chicago,Cook,UNIT,LARGE,1391.0,81.0,28.0,88.9,151.0,5.0,52.1,28.0,40.8,30.0,75.0,41.6,1126.71
0150162990250027,School,City of Chicago SD 299,HIGH SCHOOL,Chicago,Cook,UNIT,LARGE,4429.0,47.4,24.0,94.4,859.0,5.0,13.0,28.0,17.2,1206.0,2906.0,22.2,2099.346
0150162990250030,School,City of Chicago SD 299,HIGH SCHOOL,Chicago,Cook,UNIT,LARGE,1451.0,88.1,24.0,93.0,183.0,5.0,57.8,24.0,45.9,25.0,133.0,47.7,1278.331
0150162990250037,School,City of Chicago SD 299,HIGH SCHOOL,Chicago,Cook,UNIT,LARGE,1449.0,81.3,22.0,89.6,201.0,0.0,54.4,22.0,33.0,129.0,70.0,34.3,1178.0369999999998
0150162990250039,School,City of Chicago SD 299,HIGH SCHOOL,Chicago,Cook,UNIT,LARGE,599.0,80.1,22.0,89.3,121.0,0.0,37.5,22.0,37.5,45.0,72.0,40.2,479.799
0150162990250043,School,City of Chicago SD 299,HIGH SCHOOL,Chicago,Cook,UNIT,LARGE,3371.0,54.5,23.0,93.6,384.0,3.0,44.9,23.0,36.0,301.0,226.0,45.0,1837.1950000000002
0150162990250046,School,City of Chicago SD 299,HIGH SCHOOL,Chicago,Cook,UNIT,LARGE,1726.0,75.5,27.0,95.0,253.0,5.0,47.0,27.0,18.8,196.0,260.0,21.8,1303.13
0150162990250047,School,City of Chicago SD 299,HIGH SCHOOL,Chicago,Cook,UNIT,LARGE,2113.0,55.2,26.0,90.9,496.0,0.0,63.0,26.0,30.1,138.0,668.0,34.1,1166.3760000000002
0150162990250048,School,City of Chicago SD 299,HIGH SCHOOL,Chicago,Cook,UNIT,LARGE,1440.0,92.2,25.0,89.6,147.0,5.0,77.7,25.0,39.0,151.0,20.0,39.8,1327.68
0150162990250533,School,City of Chicago SD 299,HIGH SCHOOL,Chicago,Cook,UNIT,LARGE,1861.0,39.5,26.0,92.3,422.0,3.0,13.8,26.0,22.1,347.0,1416.0,25.3,735.095
0150162990250534,School,City of Chicago SD 299,HIGH SCHOOL,Chicago,Cook,UNIT,LARGE,1395.0,92.6,26.0,91.4,186.0,5.0,48.1,26.0,41.2,166.0,24.0,41.4,1291.77
0150162990250545,School,City of Chicago SD 299,HIGH SCHOOL,Chicago,Cook,UNIT,LARGE,753.0,93.9,19.0,75.3,87.0,5.0,71.4,19.0,71.1,27.0,16.0,72.2,707.067
0150162990250617,School,City of Chicago SD 299,HIGH SCHOOL,Chicago,Cook,UNIT,LARGE,2918.0,93.1,23.0,90.5,332.0,5.0,71.7,23.0,45.2,57.0,158.0,45.9,2716.658
0150162990250764,School,City of Chicago SD 299,HIGH SCHOOL,Chicago,Cook,UNIT,LARGE,2157.0,40.5,20.0,94.0,388.0,0.0,23.8,22.0,10.9,471.0,1861.0,15.4,873.585
0150162990250772,School,City of Chicago SD 299,HIGH SCHOOL,Chicago,Cook,UNIT,LARGE,718.0,40.3,21.0,89.4,74.0,5.0,64.3,21.0,15.5,31.0,25.0,22.7,289.354
0150162990250779,School,City of Chicago SD 299,HIGH SCHOOL,Chicago,Cook,UNIT,LARGE,967.0,86.3,25.0,91.6,113.0,5.0,76.5,25.0,29.2,112.0,59.0,30.8,834.521
0150162990250788,School,City of Chicago SD 299,HIGH SCHOOL,Chicago,Cook,UNIT,LARGE,962.0,71.8,18.0,87.5,165.0,5.0,20.0,28.0,38.8,278.0,292.0,43.3,690.716
0150162990250794,School,City of Chicago SD 299,HIGH SCHOOL,Chicago,Cook,UNIT,LARGE,1061.0,44.3,25.0,95.0,223.0,2.0,0.0,25.0,14.9,174.0,1057.0,19.7,470.02299999999997
0150162990250796,School,City of Chicago SD 299,HIGH SCHOOL,Chicago,Cook,UNIT,LARGE,1073.0,31.6,24.0,98.5,212.0,4.0,0.0,24.0,24.4,345.0,1248.0,25.3,339.068
0150162990250803,School,City of Chicago SD 299,HIGH SCHOOL,Chicago,Cook,UNIT,LARGE,532.0,94.2,24.0,91.4,87.0,2.0,48.3,24.0,14.4,36.0,140.0,14.7,501.144
0150162990250820,School,City of Chicago SD 299,HIGH SCHOOL,Chicago,Cook,UNIT,LARGE,542.0,83.2,26.0,86.8,56.0,5.0,50.0,26.0,21.6,30.0,11.0,22.7,450.944
0150162990250825,School,City of Chicago SD 299,HIGH SCHOOL,Chicago,Cook,UNIT,LARGE,968.0,95.2,25.0,93.5,91.0,5.0,70.4,25.0,48.3,18.0,40.0,48.6,921.5360000000001
0150162990250833,School,City of Chicago SD 299,HIGH SCHOOL,Chicago,Cook,UNIT,LARGE,1325.0,67.3,20.0,84.4,205.0,4.0,9.1,19.0,27.7,189.0,445.0,32.8,891.7249999999999
0150162990250857,School,City of Chicago SD 299,HIGH SCHOOL,Chicago,Cook,UNIT,LARGE,1192.0,81.7,27.0,83.1,255.0,3.0,50.0,27.0,25.7,100.0,215.0,27.2,973.864
0150162990250859,School,City of Chicago SD 299,HIGH SCHOOL,Chicago,Cook,UNIT,LARGE,1195.0,94.2,25.0,88.0,172.0,5.0,59.0,25.0,19.8,138.0,282.0,19.6,1125.69
0150162990250861,School,City of Chicago SD 299,HIGH SCHOOL,Chicago,Cook,UNIT,LARGE,903.0,88.7,21.0,78.7,57.0,3.0,48.1,21.0,36.5,70.0,11.0,38.2,800.961
0160194280260011,School,DeKalb CUSD 428,HIGH SCHOOL,Dekalb,Dekalb,UNIT,LARGE,1840.0,49.0,19.0,89.0,186.0,5.0,43.0,19.0,30.0,49.0,95.0,43.2,901.6
0170530900170001,School,Pontiac Twp HSD 90,HIGH SCHOOL,Pontiac,Livingston,HIGH SCHOOL,MEDIUM,647.0,41.1,18.0,91.9,38.0,5.0,70.6,18.0,14.9,14.0,17.0,25.2,265.91700000000003
0170640030260002,School,Tri Valley CUSD 3,HIGH SCHOOL,Downs,McLean,UNIT,MEDIUM,346.0,9.8,19.0,85.3,50.0,5.0,36.4,19.0,0.3,11.0,60.0,2.8,33.908
0170640870250001,School,Bloomington SD 87,HIGH SCHOOL,Bloomington,McLean,UNIT,LARGE,1390.0,51.1,20.0,90.1,169.0,5.0,59.6,20.0,25.0,59.0,195.0,32.6,710.29
0190220860170001,School,Hinsdale Twp HSD 86,HIGH SCHOOL,Hinsdale,Dupage,HIGH SCHOOL,LARGE,2786.0,6.1,20.0,91.8,513.0,5.0,28.4,20.0,12.8,260.0,1905.0,23.4,169.946
0190220860170002,School,Hinsdale Twp HSD 86,HIGH SCHOOL,Darien,Dupage,HIGH SCHOOL,LARGE,1483.0,28.1,18.0,90.1,245.0,5.0,30.0,18.0,16.4,159.0,945.0,27.5,416.723
0190220870170001,School,Glenbard Twp HSD 87,HIGH SCHOOL,Lombard,Dupage,HIGH SCHOOL,LARGE,2263.0,41.8,20.0,96.3,318.0,5.0,41.8,20.0,19.9,170.0,551.0,27.9,945.934
0190220870170002,School,Glenbard Twp HSD 87,HIGH SCHOOL,Carol Stream,Dupage,HIGH SCHOOL,LARGE,2203.0,33.9,20.0,96.2,273.0,5.0,27.0,20.0,15.2,202.0,510.0,22.7,746.8169999999999
0190220870170003,School,Glenbard Twp HSD 87,HIGH SCHOOL,Glen Ellyn,Dupage,HIGH SCHOOL,LARGE,2373.0,24.4,21.0,96.8,435.0,5.0,34.9,21.0,12.4,421.0,1607.0,21.7,579.012
0190220870170004,School,Glenbard Twp HSD 87,HIGH SCHOOL,Glen Ellyn,Dupage,HIGH SCHOOL,LARGE,1158.0,23.9,19.0,94.9,170.0,5.0,30.7,19.0,10.3,110.0,375.0,18.1,276.762
0190220880160001,School,DuPage HSD 88,HIGH SCHOOL,Addison,Dupage,HIGH SCHOOL,LARGE,1958.0,55.3,19.0,96.1,341.0,5.0,41.4,19.0,21.5,156.0,325.0,24.1,1082.774
0190220880160002,School,DuPage HSD 88,HIGH SCHOOL,Villa Park,Dupage,HIGH SCHOOL,LARGE,1914.0,43.7,20.0,93.9,294.0,5.0,39.2,20.0,21.6,166.0,536.0,28.6,836.4180000000001
0190220940160001,School,CHSD 94,HIGH SCHOOL,West Chicago,Dupage,HIGH SCHOOL,MEDIUM,2051.0,30.1,22.0,92.2,271.0,5.0,33.1,22.0,15.6,152.0,332.0,2.2,617.351
0190220990160001,School,CHSD 99,HIGH SCHOOL,Downers Grove,Dupage,HIGH SCHOOL,LARGE,2186.0,15.1,17.0,96.5,346.0,5.0,19.0,17.0,12.3,102.0,821.0,30.6,330.086
0190220990160002,School,CHSD 99,HIGH SCHOOL,Downers Grove,Dupage,HIGH SCHOOL,LARGE,2696.0,27.9,17.0,95.0,301.0,5.0,29.8,17.0,13.5,55.0,631.0,22.6,752.184
0190221000160001,School,Fenton CHSD 100,HIGH SCHOOL,Bensenville,Dupage,HIGH SCHOOL,MEDIUM,1473.0,51.2,19.0,93.1,207.0,5.0,43.0,19.0,11.1,91.0,253.0,13.0,754.176
0190221080160001,School,Lake Park CHSD 108,HIGH SCHOOL,Roselle,Dupage,HIGH SCHOOL,MEDIUM,2586.0,17.4,21.0,95.2,433.0,5.0,28.0,21.0,12.3,349.0,1300.0,26.4,449.96399999999994
0190222000260020,School,CUSD 200,HIGH SCHOOL,Wheaton,Dupage,UNIT,LARGE,1982.0,22.6,24.0,93.2,289.0,5.0,27.0,24.0,18.1,118.0,846.0,38.3,447.932
0190222000260021,School,CUSD 200,HIGH SCHOOL,Wheaton,Dupage,UNIT,LARGE,2096.0,24.0,26.0,92.1,295.0,5.0,30.1,26.0,21.4,154.0,987.0,34.2,503.03999999999996
0190222010260001,School,CUSD 201,HIGH SCHOOL,Westmont,Dupage,UNIT,MEDIUM,437.0,30.9,20.0,92.1,100.0,5.0,32.4,20.0,17.1,77.0,315.0,28.8,135.033
0190222030260001,School,Naperville CUSD 203,HIGH SCHOOL,Naperville,Dupage,UNIT,LARGE,2815.0,13.5,22.0,92.4,481.0,5.0,26.3,22.0,13.1,397.0,1256.0,35.5,380.02500000000003
0190222030260013,School,Naperville CUSD 203,HIGH SCHOOL,Naperville,Dupage,UNIT,LARGE,2676.0,16.1,22.0,91.3,416.0,5.0,28.2,22.0,15.8,276.0,912.0,36.1,430.836
0190222040260001,School,Indian Prairie CUSD 204,HIGH SCHOOL,Aurora,Dupage,UNIT,LARGE,2642.0,21.9,26.0,95.4,434.0,5.0,32.2,26.0,16.7,156.0,1045.0,25.6,578.598
0190222040260002,School,Indian Prairie CUSD 204,HIGH SCHOOL,Naperville,Dupage,UNIT,LARGE,3662.0,7.9,29.0,93.9,788.0,5.0,20.6,29.0,9.0,384.0,2325.0,29.6,289.298
0190222040260005,School,Indian Prairie CUSD 204,HIGH SCHOOL,Aurora,Dupage,UNIT,LARGE,2887.0,20.0,27.0,92.4,506.0,5.0,30.6,27.0,9.1,433.0,1420.0,20.4,577.4
0190222050260003,School,Elmhurst SD 205,HIGH SCHOOL,Elmhurst,Dupage,UNIT,LARGE,2806.0,15.4,23.0,88.9,499.0,5.0,31.9,23.0,15.1,358.0,1431.0,8.5,432.12399999999997
0210610010260001,School,Massac UD 1,HIGH SCHOOL,Metropolis,Massac,UNIT,LARGE,584.0,50.5,20.0,88.1,29.0,5.0,33.3,20.0,27.4,22.0,20.0,38.6,294.92
0240320010260001,School,Coal City CUSD 1,HIGH SCHOOL,Coal City,Grundy,UNIT,LARGE,664.0,22.3,20.0,89.3,66.0,2.0,45.8,20.0,20.6,34.0,44.0,35.5,148.072
0240321110160001,School,Minooka CHSD 111,HIGH SCHOOL,Minooka,Grundy,HIGH SCHOOL,MEDIUM,2726.0,16.3,23.0,90.7,285.0,5.0,47.7,23.0,4.3,109.0,349.0,10.0,444.338
0240470880260001,School,Plano CUSD 88,HIGH SCHOOL,Plano,Kendall,UNIT,LARGE,700.0,54.3,21.0,81.2,78.0,3.0,69.4,21.0,21.8,94.0,98.0,28.6,380.09999999999997
0240471150260001,School,Yorkville CUSD 115,HIGH SCHOOL,Yorkville,Kendall,UNIT,LARGE,1783.0,17.9,19.0,87.2,173.0,5.0,46.9,19.0,15.2,86.0,241.0,27.5,319.157
0240473080260001,School,CUSD 308,HIGH SCHOOL,Oswego,Kendall,UNIT,LARGE,2773.0,23.1,26.0,92.1,478.0,5.0,45.3,26.0,21.3,195.0,628.0,35.1,640.563
0240473080260002,School,CUSD 308,HIGH SCHOOL,Oswego,Kendall,UNIT,LARGE,2616.0,21.8,23.0,93.3,383.0,5.0,43.6,23.0,14.9,410.0,525.0,25.4,570.288
0280372280260001,School,Geneseo CUSD 228,HIGH SCHOOL,Geneseo,Henry,UNIT,LARGE,843.0,18.4,21.0,87.8,128.0,5.0,40.8,21.0,3.5,39.0,205.0,9.0,155.112
0300391650160001,School,Carbondale CHSD 165,HIGH SCHOOL,Carbondale,Jackson,HIGH SCHOOL,MEDIUM,990.0,57.9,18.0,90.9,150.0,5.0,32.4,18.0,19.2,26.0,121.0,23.1,573.2099999999999
0310450460220001,School,SD U-46,HIGH SCHOOL,Elgin,Kane,UNIT,LARGE,2582.0,74.5,18.0,86.6,204.0,5.0,66.3,18.0,47.6,260.0,498.0,47.9,1923.59
0310450460220002,School,SD U-46,HIGH SCHOOL,Elgin,Kane,UNIT,LARGE,2079.0,73.4,18.0,89.6,213.0,5.0,60.8,18.0,45.3,15.0,51.0,43.8,1525.986
0310450460220003,School,SD U-46,HIGH SCHOOL,Streamwood,Kane,UNIT,LARGE,1955.0,66.5,16.0,88.8,189.0,5.0,52.3,16.0,44.8,72.0,64.0,45.9,1300.075
0310450460220004,School,SD U-46,HIGH SCHOOL,Bartlett,Kane,UNIT,LARGE,2422.0,37.6,20.0,87.1,305.0,5.0,39.6,20.0,23.8,133.0,629.0,30.5,910.672
0310450460220005,School,SD U-46,HIGH SCHOOL,South Elgin,Kane,UNIT,LARGE,2673.0,32.4,22.0,88.7,394.0,5.0,53.5,22.0,24.9,79.0,444.0,35.3,866.052
0310451010220001,School,Batavia USD 101,HIGH SCHOOL,Batavia,Kane,UNIT,LARGE,1899.0,15.0,24.0,93.5,307.0,5.0,29.2,24.0,18.2,204.0,363.0,41.8,284.84999999999997
0310451290220001,School,Aurora West USD 129,HIGH SCHOOL,Aurora,Kane,UNIT,LARGE,3665.0,51.5,23.0,89.7,372.0,5.0,51.2,23.0,20.0,178.0,334.0,27.5,1887.4750000000001
0310451310220001,School,Aurora East USD 131,HIGH SCHOOL,Aurora,Kane,UNIT,LARGE,3904.0,65.1,23.0,91.5,328.0,5.0,49.5,23.0,40.9,80.0,270.0,47.8,2541.5039999999995
0310453000260002,School,CUSD 300,HIGH SCHOOL,Carpentersville,Kane,UNIT,LARGE,2466.0,61.2,21.0,84.4,245.0,5.0,49.0,21.0,22.0,154.0,258.0,25.5,1509.192
0310453000260003,School,CUSD 300,HIGH SCHOOL,Hampshire,Kane,UNIT,LARGE,1638.0,22.5,25.0,91.5,206.0,5.0,38.5,25.0,11.4,100.0,264.0,21.4,368.55
0310453000260004,School,CUSD 300,HIGH SCHOOL,Algonquin,Kane,UNIT,LARGE,2170.0,22.7,26.0,89.7,356.0,5.0,44.3,26.0,11.3,116.0,521.0,22.4,492.59
0310453010260001,School,Central CUSD 301,HIGH SCHOOL,Burlington,Kane,UNIT,LARGE,1078.0,12.1,20.0,82.4,99.0,5.0,37.9,20.0,11.9,52.0,175.0,24.2,130.438
0310453020260001,School,Kaneland CUSD 302,HIGH SCHOOL,Maple Park,Kane,UNIT,LARGE,1313.0,12.2,22.0,89.2,135.0,5.0,35.5,22.0,21.5,21.0,194.0,36.6,160.186
0310453030260011,School,St Charles CUSD 303,HIGH SCHOOL,St Charles,Kane,UNIT,LARGE,2512.0,19.9,19.0,89.9,266.0,5.0,43.1,19.0,17.7,171.0,712.0,27.7,499.888
0310453030260012,School,St Charles CUSD 303,HIGH SCHOOL,St Charles,Kane,UNIT,LARGE,2022.0,6.8,22.0,92.1,260.0,5.0,33.3,22.0,17.9,172.0,877.0,34.1,137.496
0310453040260001,School,Geneva CUSD 304,HIGH SCHOOL,Geneva,Kane,UNIT,LARGE,1933.0,5.6,24.0,94.1,249.0,5.0,42.4,24.0,8.6,95.0,413.0,25.2,108.24799999999999
0320461110250014,School,Kankakee SD 111,HIGH SCHOOL,Kankakee,Kankakee,UNIT,LARGE,1243.0,58.1,14.0,77.9,92.0,5.0,55.3,14.0,34.4,69.0,47.0,43.4,722.183
0320463070160001,School,Bradley Bourbonnais CHSD 307,HIGH SCHOOL,Bradley,Kankakee,HIGH SCHOOL,MEDIUM,2032.0,42.6,24.0,87.1,234.0,5.0,43.1,24.0,29.1,18.0,145.0,41.3,865.632
0340490600260022,School,Waukegan CUSD 60,HIGH SCHOOL,Waukegan,Lake,UNIT,LARGE,4609.0,63.5,23.0,84.2,350.0,5.0,70.2,23.0,35.4,43.0,129.0,41.8,2926.715
0340490950260001,School,Lake Zurich CUSD 95,HIGH SCHOOL,Lake Zurich,Lake,UNIT,LARGE,1868.0,10.9,21.0,94.4,295.0,4.0,39.8,21.0,15.8,217.0,939.0,38.7,203.612
0340491130170001,School,Twp HSD 113,HIGH SCHOOL,Deerfield,Lake,HIGH SCHOOL,LARGE,1622.0,3.1,17.0,96.3,257.0,4.0,38.1,17.0,9.2,187.0,823.0,18.9,50.282
0340491130170002,School,Twp HSD 113,HIGH SCHOOL,Highland Park,Lake,HIGH SCHOOL,LARGE,1995.0,14.4,16.0,94.9,290.0,4.0,57.7,16.0,22.7,307.0,1001.0,41.4,287.28000000000003
0340491150160001,School,Lake Forest CHSD 115,HIGH SCHOOL,Lake Forest,Lake,HIGH SCHOOL,MEDIUM,1611.0,2.0,19.0,93.8,273.0,5.0,35.9,19.0,3.7,231.0,1103.0,16.1,32.22
0340491160260006,School,Round Lake CUSD 116,HIGH SCHOOL,Round Lake,Lake,UNIT,LARGE,2158.0,63.0,13.0,87.2,224.0,4.0,68.2,13.0,25.6,42.0,211.0,29.2,1359.54
0340491170160001,School,CHSD 117,HIGH SCHOOL,Antioch,Lake,HIGH SCHOOL,MEDIUM,1327.0,18.7,20.0,87.7,197.0,5.0,45.4,20.0,14.3,78.0,308.0,36.8,248.149
0340491170160002,School,CHSD 117,HIGH SCHOOL,Lake Villa,Lake,HIGH SCHOOL,MEDIUM,1359.0,14.5,23.0,83.8,191.0,5.0,50.4,23.0,13.8,139.0,336.0,25.4,197.05499999999998
0340491180260005,School,Wauconda CUSD 118,HIGH SCHOOL,Wauconda,Lake,UNIT,LARGE,1355.0,32.5,20.0,88.1,136.0,4.0,40.5,20.0,15.0,43.0,163.0,23.0,440.375
0340491200130001,School,Mundelein Cons HSD 120,HIGH SCHOOL,Mundelein,Lake,HIGH SCHOOL,MEDIUM,1978.0,30.1,21.0,90.8,259.0,5.0,63.1,21.0,7.5,236.0,470.0,13.8,595.3779999999999
0340491210170001,School,Warren Twp HSD 121,HIGH SCHOOL,Gurnee,Lake,HIGH SCHOOL,LARGE,4026.0,16.5,20.0,94.8,516.0,5.0,55.3,20.0,5.8,287.0,1790.0,13.2,664.2900000000001
0340491240160001,School,Grant CHSD 124,HIGH SCHOOL,Fox Lake,Lake,HIGH SCHOOL,MEDIUM,1796.0,34.0,21.0,90.1,186.0,5.0,47.5,21.0,3.3,67.0,341.0,6.0,610.6400000000001
0340491250130001,School,Adlai E Stevenson HSD 125,HIGH SCHOOL,Lincolnshire,Lake,HIGH SCHOOL,LARGE,4185.0,4.9,20.0,91.6,862.0,4.0,30.5,20.0,10.9,774.0,4620.0,23.6,205.065
0340491260170001,School,Zion-Benton Twp HSD 126,HIGH SCHOOL,Zion,Lake,HIGH SCHOOL,MEDIUM,2235.0,62.1,19.0,89.4,182.0,4.0,58.9,19.0,23.7,107.0,252.0,29.6,1387.935
0340491270160001,School,Grayslake CHSD 127,HIGH SCHOOL,Grayslake,Lake,HIGH SCHOOL,MEDIUM,1353.0,10.6,21.0,92.1,240.0,5.0,46.8,21.0,14.5,173.0,832.0,31.6,143.418
0340491270160002,School,Grayslake CHSD 127,HIGH SCHOOL,Grayslake,Lake,HIGH SCHOOL,MEDIUM,1476.0,11.0,21.0,92.3,232.0,5.0,53.1,21.0,17.2,253.0,617.0,39.1,162.36
0340491280160004,School,CHSD 128,HIGH SCHOOL,Vernon Hills,Lake,HIGH SCHOOL,MEDIUM,1400.0,11.7,22.0,94.1,220.0,5.0,33.8,22.0,9.0,252.0,802.0,5.5,163.79999999999998
0340492200260004,School,Barrington CUSD 220,HIGH SCHOOL,Barrington,Lake,UNIT,LARGE,2954.0,18.3,23.0,91.9,495.0,5.0,27.7,23.0,7.5,538.0,1385.0,20.0,540.582
0350501400170001,School,Ottawa Twp HSD 140,HIGH SCHOOL,Ottawa,La Salle,HIGH SCHOOL,MEDIUM,1332.0,30.4,20.0,92.4,184.0,5.0,29.7,20.0,17.5,27.0,80.0,27.8,404.928
0390550610250036,School,Decatur SD 61,HIGH SCHOOL,Decatur,Macon,UNIT,LARGE,1023.0,62.8,15.0,69.8,88.0,5.0,59.5,15.0,43.7,71.0,48.0,51.3,642.444
0390550610250038,School,Decatur SD 61,HIGH SCHOOL,Decatur,Macon,UNIT,LARGE,1093.0,54.9,21.0,68.5,103.0,5.0,61.4,21.0,42.9,72.0,12.0,46.8,600.0569999999999
0440630120260002,School,Johnsburg CUSD 12,HIGH SCHOOL,Johnsburg,McHenry,UNIT,LARGE,628.0,21.7,20.0,84.8,81.0,5.0,34.0,20.0,14.5,45.0,113.0,25.2,136.276
0440631550160001,School,CHSD 155,HIGH SCHOOL,Crystal Lake,McHenry,HIGH SCHOOL,LARGE,1508.0,29.4,17.0,91.9,244.0,5.0,30.6,17.0,13.3,175.0,514.0,20.0,443.352
0440631550160002,School,CHSD 155,HIGH SCHOOL,Cary,McHenry,HIGH SCHOOL,LARGE,1702.0,18.6,18.0,93.6,296.0,5.0,28.7,18.0,19.2,144.0,670.0,46.2,316.57200000000006
0440631550160003,School,CHSD 155,HIGH SCHOOL,Crystal Lake,McHenry,HIGH SCHOOL,LARGE,1465.0,19.2,18.0,93.8,239.0,5.0,36.1,18.0,16.9,152.0,668.0,31.5,281.28000000000003
0440631550160004,School,CHSD 155,HIGH SCHOOL,Crystal Lake,McHenry,HIGH SCHOOL,LARGE,1436.0,13.4,21.0,94.9,253.0,5.0,24.7,21.0,14.9,141.0,647.0,31.9,192.424
0440631560160001,School,McHenry CHSD 156,HIGH SCHOOL,McHenry,McHenry,HIGH SCHOOL,MEDIUM,1427.0,31.0,25.0,84.3,215.0,5.0,37.2,25.0,17.1,133.0,129.0,25.9,442.37
0440631560160002,School,McHenry CHSD 156,HIGH SCHOOL,McHenry,McHenry,HIGH SCHOOL,MEDIUM,765.0,25.5,22.0,82.0,127.0,5.0,36.4,22.0,19.7,36.0,143.0,29.1,195.07500000000002
0440631570160001,School,Richmond-Burton CHSD 157,HIGH SCHOOL,Richmond,McHenry,HIGH SCHOOL,MEDIUM,663.0,10.0,18.0,92.1,86.0,5.0,44.8,18.0,17.9,38.0,169.0,51.5,66.3
0440631580220002,School,Huntley Community School District 158,HIGH SCHOOL,Huntley,McHenry,UNIT,LARGE,3045.0,9.3,26.0,91.1,276.0,4.0,26.1,26.0,17.2,133.0,819.0,34.4,283.18500000000006
0440632000260008,School,Woodstock CUSD 200,HIGH SCHOOL,Woodstock,McHenry,UNIT,LARGE,991.0,38.7,19.0,88.8,110.0,5.0,28.8,19.0,25.0,67.0,220.0,42.4,383.517
0440632000260009,School,Woodstock CUSD 200,HIGH SCHOOL,Woodstock,McHenry,UNIT,LARGE,929.0,32.6,25.0,91.3,116.0,5.0,23.5,25.0,22.1,96.0,147.0,36.3,302.854
0470712200260001,School,Oregon CUSD 220,HIGH SCHOOL,Oregon,Ogle,UNIT,MEDIUM,422.0,37.7,18.0,79.8,62.0,5.0,44.1,18.0,7.2,14.0,14.0,11.3,159.094
0470980050260014,School,Sterling CUSD 5,HIGH SCHOOL,Sterling,Whiteside,UNIT,LARGE,1044.0,53.4,18.0,88.1,152.0,5.0,53.0,18.0,30.8,102.0,170.0,39.5,557.496
0470983010170001,School,Rock Falls Twp HSD 301,HIGH SCHOOL,Rock Falls,Whiteside,HIGH SCHOOL,SMALL,645.0,49.8,22.0,92.9,78.0,5.0,43.9,22.0,14.8,11.0,10.0,23.8,321.21
0480721500250024,School,Peoria SD 150,HIGH SCHOOL,Peoria,Peoria,UNIT,LARGE,1357.0,73.7,16.0,86.5,87.0,5.0,62.5,16.0,60.1,47.0,23.0,67.3,1000.109
0480721500250025,School,Peoria SD 150,HIGH SCHOOL,Peoria,Peoria,UNIT,LARGE,1226.0,38.6,17.0,87.5,182.0,3.0,29.1,17.0,23.5,103.0,132.0,33.2,473.236
0480723230260004,School,Dunlap CUSD 323,HIGH SCHOOL,Dunlap,Peoria,UNIT,LARGE,1304.0,10.4,23.0,90.2,199.0,4.0,17.1,23.0,7.9,42.0,387.0,22.9,135.616
0490810400220001,School,Moline-Coal Valley CUSD 40,HIGH SCHOOL,Moline,Rock Island,UNIT,LARGE,2082.0,45.8,23.0,86.8,192.0,5.0,58.4,23.0,19.3,53.0,167.0,31.5,953.5559999999999
0490810410250001,School,Rock Island SD 41,HIGH SCHOOL,Rock Island,Rock Island,UNIT,LARGE,1597.0,58.7,22.0,91.6,182.0,5.0,72.6,22.0,33.0,29.0,61.0,38.6,937.4390000000001
0500820190260001,School,Mascoutah CUD 19,HIGH SCHOOL,Mascoutah,Saint Clair,UNIT,LARGE,1078.0,19.1,16.0,92.7,76.0,5.0,48.6,16.0,8.0,13.0,32.0,21.6,205.898
0510841860250001,School,Springfield SD 186,HIGH SCHOOL,Springfield,Sangamon,UNIT,LARGE,1199.0,76.3,17.0,91.9,119.0,4.0,56.5,17.0,57.8,30.0,15.0,62.8,914.837
0510841860250002,School,Springfield SD 186,HIGH SCHOOL,Springfield,Sangamon,UNIT,LARGE,1415.0,39.4,21.0,92.8,180.0,3.0,54.5,21.0,22.6,59.0,117.0,39.0,557.51
0510841860250003,School,Springfield SD 186,HIGH SCHOOL,Springfield,Sangamon,UNIT,LARGE,1233.0,68.3,18.0,91.3,127.0,4.0,58.2,18.0,45.5,37.0,68.0,53.7,842.1389999999999
0530903030160002,School,Pekin CSD 303,HIGH SCHOOL,Pekin,Tazewell,HIGH SCHOOL,MEDIUM,1824.0,42.4,19.0,85.0,136.0,5.0,29.9,19.0,21.5,19.0,176.0,31.4,773.376
0530903080160001,School,Washington CHSD 308,HIGH SCHOOL,Washington,Tazewell,HIGH SCHOOL,MEDIUM,1340.0,21.5,18.0,95.0,181.0,5.0,25.8,18.0,15.3,42.0,69.0,36.0,288.1
0531021220170001,School,County of Woodford School,HIGH SCHOOL,Metamora,Woodford,HIGH SCHOOL,MEDIUM,980.0,17.1,23.0,92.9,106.0,5.0,26.4,23.0,12.0,43.0,112.0,20.8,167.58
0560992020220001,School,Plainfield SD 202,HIGH SCHOOL,Plainfield,Will,UNIT,LARGE,2066.0,31.8,20.0,91.0,284.0,5.0,44.9,20.0,26.0,31.0,295.0,39.7,656.988
0560992020220002,School,Plainfield SD 202,HIGH SCHOOL,Plainfield,Will,UNIT,LARGE,2521.0,27.6,25.0,88.6,425.0,5.0,48.6,25.0,21.8,62.0,457.0,31.1,695.796
0560992020220003,School,Plainfield SD 202,HIGH SCHOOL,Plainfield,Will,UNIT,LARGE,2322.0,13.8,22.0,88.1,360.0,5.0,40.6,22.0,17.2,117.0,381.0,31.4,320.43600000000004
0560992020220004,School,Plainfield SD 202,HIGH SCHOOL,Plainfield,Will,UNIT,LARGE,2250.0,28.2,22.0,88.4,344.0,5.0,51.6,22.0,21.2,89.0,485.0,28.3,634.4999999999999
0560992040170001,School,Joliet Twp HSD 204,HIGH SCHOOL,Joliet,Will,HIGH SCHOOL,LARGE,3239.0,73.4,22.0,92.0,239.0,5.0,64.8,22.0,38.3,46.0,279.0,43.2,2377.4260000000004
0560992040170003,School,Joliet Twp HSD 204,HIGH SCHOOL,Joliet,Will,HIGH SCHOOL,LARGE,3310.0,47.9,24.0,92.6,254.0,5.0,56.1,24.0,30.9,109.0,386.0,42.5,1585.49
0560992050170001,School,Lockport Twp HSD 205,HIGH SCHOOL,Lockport,Will,HIGH SCHOOL,LARGE,3706.0,17.6,22.0,93.1,649.0,5.0,49.8,22.0,11.2,192.0,677.0,30.3,652.2560000000001
0560992100160001,School,Lincoln Way CHSD 210,HIGH SCHOOL,New Lenox,Will,HIGH SCHOOL,LARGE,2138.0,7.5,20.0,89.8,372.0,5.0,41.6,20.0,22.6,148.0,749.0,0.0,160.35
0560992100160002,School,Lincoln Way CHSD 210,HIGH SCHOOL,Frankfort,Will,HIGH SCHOOL,LARGE,2889.0,5.1,21.0,86.2,475.0,5.0,39.4,21.0,23.9,198.0,1301.0,0.0,147.339
0560992100160004,School,Lincoln Way CHSD 210,HIGH SCHOOL,New Lenox,Will,HIGH SCHOOL,LARGE,1905.0,8.5,20.0,90.0,290.0,5.0,37.2,20.0,19.3,138.0,500.0,0.0,161.925
056099200U260001,School,Beecher CUSD 200U,HIGH SCHOOL,Beecher,Will,UNIT,MEDIUM,323.0,24.5,14.0,80.3,37.0,4.0,45.5,14.0,14.6,13.0,31.0,18.6,79.135
056099201U260001,School,Crete Monee CUSD 201U,HIGH SCHOOL,Crete,Will,UNIT,LARGE,1638.0,67.4,23.0,72.9,253.0,5.0,47.0,23.0,30.4,35.0,51.0,35.5,1104.0120000000002
056099365U260007,School,Valley View CUSD 365U,HIGH SCHOOL,Bolingbrook,Will,UNIT,LARGE,3550.0,59.4,19.0,90.0,410.0,5.0,45.1,19.0,32.5,261.0,511.0,39.5,2108.7
056099365U260008,School,Valley View CUSD 365U,HIGH SCHOOL,Romeoville,Will,UNIT,LARGE,1920.0,59.1,20.0,91.3,376.0,5.0,56.0,20.0,28.5,169.0,297.0,33.9,1134.72
